-- phpMyAdmin SQL Dump
-- version 4.6.5.2
-- https://www.phpmyadmin.net/
--
-- Host: localhost
-- Generation Time: May 07, 2017 at 11:53 AM
-- Server version: 10.1.21-MariaDB
-- PHP Version: 7.0.15

SET SQL_MODE = "NO_AUTO_VALUE_ON_ZERO";
SET time_zone = "+00:00";


/*!40101 SET @OLD_CHARACTER_SET_CLIENT=@@CHARACTER_SET_CLIENT */;
/*!40101 SET @OLD_CHARACTER_SET_RESULTS=@@CHARACTER_SET_RESULTS */;
/*!40101 SET @OLD_COLLATION_CONNECTION=@@COLLATION_CONNECTION */;
/*!40101 SET NAMES utf8mb4 */;

--
-- Database: `laravelnews`
--

-- --------------------------------------------------------

--
-- Table structure for table `comment`
--

CREATE TABLE `comment` (
  `id` int(11) NOT NULL,
  `idUser` int(11) NOT NULL,
  `idTinTuc` int(11) NOT NULL,
  `NoiDung` longtext COLLATE utf8_unicode_ci NOT NULL,
  `created_at` timestamp NULL DEFAULT NULL,
  `updated_at` timestamp NULL DEFAULT NULL
) ENGINE=InnoDB DEFAULT CHARSET=utf8 COLLATE=utf8_unicode_ci;

--
-- Dumping data for table `comment`
--

INSERT INTO `comment` (`id`, `idUser`, `idTinTuc`, `NoiDung`, `created_at`, `updated_at`) VALUES
(1, 1, 1, 'thấy bổ ích lắm', '2017-04-02 05:04:46', '0000-00-00 00:00:00'),
(4, 1, 3, 'very Good', '2017-04-02 05:49:08', '0000-00-00 00:00:00'),
(6, 2, 3, 'tốt , hay', '2017-04-02 05:49:23', '0000-00-00 00:00:00'),
(7, 8, 10, 'this is my comment', '2017-05-05 03:37:07', '2017-05-05 03:37:07'),
(8, 8, 10, 'this is my comment', '2017-05-05 03:37:17', '2017-05-05 03:37:17'),
(9, 8, 10, 'this is my comment', '2017-05-05 03:37:38', '2017-05-05 03:37:38'),
(10, 1, 6, 'this article is Good', '2017-05-05 03:45:58', '2017-05-05 03:45:58'),
(11, 1, 6, 'No thing', '2017-05-05 03:50:21', '2017-05-05 03:50:21'),
(12, 1, 6, 'haha', '2017-05-05 03:55:56', '2017-05-05 03:55:56'),
(13, 1, 9, 'làm gì có gì', '2017-05-05 03:59:12', '2017-05-05 03:59:12'),
(14, 1, 24, 'blae', '2017-05-05 04:00:16', '2017-05-05 04:00:16'),
(15, 1, 24, 'blae', '2017-05-05 04:01:31', '2017-05-05 04:01:31'),
(16, 1, 11, 'sợ thế , thật không thể tin đc', '2017-05-05 04:02:09', '2017-05-05 04:02:09'),
(17, 1, 11, 'sợ thế , thật không thể tin', '2017-05-05 04:03:43', '2017-05-05 04:03:43'),
(18, 1, 11, 'sợ thế , thật không thể tin', '2017-05-05 04:04:22', '2017-05-05 04:04:22'),
(19, 4, 10, 'speak good', '2017-05-05 04:47:24', '2017-05-05 04:47:24'),
(20, 1, 20, 'So funny', '2017-05-05 04:51:30', '2017-05-05 04:51:30'),
(21, 1, 10, 'dfsfd', '2017-05-05 04:59:45', '2017-05-05 04:59:45'),
(22, 1, 11, 'dfdfdf', '2017-05-06 04:18:56', '2017-05-06 04:18:56');

-- --------------------------------------------------------

--
-- Table structure for table `loaitin`
--

CREATE TABLE `loaitin` (
  `id` int(11) NOT NULL,
  `idTheLoai` varchar(255) COLLATE utf8_unicode_ci NOT NULL,
  `Ten` varchar(255) COLLATE utf8_unicode_ci NOT NULL,
  `TenKhongDau` varchar(255) COLLATE utf8_unicode_ci NOT NULL,
  `created_at` timestamp NULL DEFAULT NULL,
  `updated_at` timestamp NULL DEFAULT NULL
) ENGINE=InnoDB DEFAULT CHARSET=utf8 COLLATE=utf8_unicode_ci;

--
-- Dumping data for table `loaitin`
--

INSERT INTO `loaitin` (`id`, `idTheLoai`, `Ten`, `TenKhongDau`, `created_at`, `updated_at`) VALUES
(1, '1', 'Giáo Dục', 'Giao-Duc', '0000-00-00 00:00:00', '0000-00-00 00:00:00'),
(2, '1', 'Nhịp Điệu Trẻ', 'nhip-dieu-tre', '2017-04-13 17:16:20', '2017-04-13 17:16:20'),
(3, '1', 'Du Lịch', 'du-lich', '2017-04-13 17:30:21', '2017-04-13 17:30:21'),
(4, '1', 'Du Học', 'du-hoc', '2017-04-13 17:30:33', '2017-04-13 17:30:33'),
(5, '2', 'Châu Á', 'chau-a', '2017-04-13 17:32:02', '2017-04-13 17:32:02'),
(7, '2', 'Châu Âu', 'chau-au', '2017-04-13 17:32:13', '2017-04-13 17:32:13'),
(10, '2', 'Châu Mỹ', 'chau-my', '2017-04-13 17:32:22', '2017-04-13 17:32:22'),
(11, '3', 'Thị Trường', 'thi-truong', '2017-04-13 17:33:00', '2017-04-13 17:33:00'),
(12, '3', 'Doanh Nghiệp', 'doanh-nghiep', '2017-04-13 17:33:16', '2017-04-13 17:33:16'),
(13, '3', 'Khởi Nghiệp', 'khoi-nghiep', '2017-04-13 17:33:28', '2017-04-13 17:33:28'),
(14, '4', 'Văn Học', 'van-hoc', '2017-04-13 17:34:14', '2017-04-13 17:34:14'),
(15, '4', 'Điện Ảnh', 'dien-anh', '2017-04-13 17:34:26', '2017-04-13 17:34:26'),
(16, '4', 'Âm Nhạc', 'am-nhac', '2017-04-13 17:34:34', '2017-04-13 17:34:34'),
(17, '1', 'Trong Nước', 'trong-nuoc', '2017-04-13 17:36:45', '2017-04-13 17:36:45'),
(18, '5', 'Quốc Tế', 'quoc-te', '2017-04-13 17:36:13', '2017-04-13 17:36:13'),
(19, '6', 'Hình Sự', 'hinh-su', '2017-04-13 17:37:09', '2017-04-13 17:37:09'),
(20, '7', 'Chuyện Lạ', 'chuyen-la', '2017-04-13 17:37:42', '2017-04-13 17:37:42'),
(21, '8', 'Giới Tính', 'gioi-tinh', '2017-04-13 17:38:31', '2017-04-13 17:38:31'),
(22, '4', 'Đời Sống Văn Hoá', 'doi-song-van-hoa', '2017-04-19 04:28:38', '2017-04-19 04:28:38');

-- --------------------------------------------------------

--
-- Table structure for table `migrations`
--

CREATE TABLE `migrations` (
  `id` int(10) UNSIGNED NOT NULL,
  `migration` varchar(255) COLLATE utf8mb4_unicode_ci NOT NULL,
  `batch` int(11) NOT NULL
) ENGINE=InnoDB DEFAULT CHARSET=utf8mb4 COLLATE=utf8mb4_unicode_ci;

-- --------------------------------------------------------

--
-- Table structure for table `slide`
--

CREATE TABLE `slide` (
  `id` int(11) NOT NULL,
  `Ten` varchar(255) COLLATE utf8_unicode_ci NOT NULL,
  `Hinh` varchar(255) COLLATE utf8_unicode_ci NOT NULL,
  `NoiDung` mediumtext COLLATE utf8_unicode_ci NOT NULL,
  `link` varchar(255) COLLATE utf8_unicode_ci DEFAULT NULL,
  `created_at` timestamp NULL DEFAULT NULL,
  `updated_at` timestamp NULL DEFAULT NULL
) ENGINE=InnoDB DEFAULT CHARSET=utf8 COLLATE=utf8_unicode_ci;

--
-- Dumping data for table `slide`
--

INSERT INTO `slide` (`id`, `Ten`, `Hinh`, `NoiDung`, `link`, `created_at`, `updated_at`) VALUES
(1, 'slide1', 'media-1.jpg', 'nội dung slide 1 ', NULL, '2017-04-02 05:48:13', NULL),
(2, 'slide2', 'media-2.jpg', 'nội dung slide 2', NULL, '2017-04-02 05:48:42', '2017-04-02 05:35:14'),
(3, 'slide3', 'media-3.jpg\r\n', '<p>kh&ocirc;ng c&oacute; g&igrave;&nbsp;</p>', NULL, '2017-04-14 07:45:08', '2017-04-14 07:45:08'),
(4, 'slide 4', 'media-4.jpg', '<p>kh&ocirc;ng l&agrave;m sao cả&nbsp;</p>', 'ssssssssssssss', '2017-04-14 07:45:22', '2017-04-14 07:45:22'),
(5, 'Cô gái vẽ đơn xin nhập học theo phong cách manga: \'Mình tin Việt Nam có một cơ hội phát triển rất lớn\'', 'media-5.jpg', '<p>Bằng những bức vẽ mang đậm dấu ấn cá nhân, cô nàng 9x tài năng đã được nhận vào học tại trường Đại học trực tuyến đầu tiên của Việt Nam.\r\n\r\n</p>', NULL, '2017-04-14 07:47:49', '2017-04-14 07:47:49'),
(6, '\r\nHãy để những hình ảnh vui vẻ này chữa lành một ngày tồi tệ của chúng ta', 'media-6.jpg', '<p>Sẽ có một triệu thứ khiến chúng ta vui vẻ hơn trong một ngày buồn bã của chính mình, chỉ cần chúng đơn giản thôi cũng đủ để che đi cái khó khăn lớn của hiện tại rồi.</p>', NULL, '2017-04-14 07:48:12', '2017-04-14 07:48:12'),
(7, 'Những cái \'Được\' chứng tỏ người độc thân là sướng nhất trên đời\r\n', 'media-7.jpg', '<p>Sau khi bắt được nghi phạm vụ sát hại bé Linh, đại sứ Nhật Bản đã đến tận nhà gia đình tại Việt Nam để chia buồn. Hình ảnh ông cúi đầu xin lỗi cha của bé Linh đã khiến nhiều người không khỏi nể phục</p>', NULL, '2017-04-14 07:48:38', '2017-04-14 07:48:38'),
(8, 'Đại sứ Nhật đích thân đến báo tin, cúi đầu xin lỗi cha bé Linh', 'media-8.jpg', '<p>Sau khi bắt được nghi phạm vụ sát hại bé Linh, đại sứ Nhật Bản đã đến tận nhà gia đình tại Việt Nam để chia buồn. Hình ảnh ông cúi đầu xin lỗi cha của bé Linh đã khiến nhiều người không khỏi nể phục</p>', NULL, '2017-04-14 07:49:02', '2017-04-14 07:49:02'),
(9, 'Bán đảo Triều Tiên trước nguy cơ xung đột vũ trang', 'QkiL_47160108-nature-pic.jpg', '<p><strong>T&igrave;nh h&igrave;nh b&aacute;n đảo Triều Ti&ecirc;n đang căng thẳng nhất kể từ khi nước n&agrave;y thử hạt nh&acirc;n v&agrave;o năm 2006. C&oacute; những động th&aacute;i tiềm ẩn khiến căng thẳng c&oacute; thể tiếp diễn, nhưng c&oacute; những l&yacute; do khiến Mỹ kh&oacute; tấn c&ocirc;ng qu&acirc;n sự Triều Ti&ecirc;n.​</strong></p>', NULL, '2017-04-14 14:00:57', '2017-04-14 14:00:57');

-- --------------------------------------------------------

--
-- Table structure for table `theloai`
--

CREATE TABLE `theloai` (
  `id` int(11) NOT NULL,
  `Ten` varchar(255) COLLATE utf8_unicode_ci NOT NULL,
  `TenKhongDau` varchar(255) COLLATE utf8_unicode_ci NOT NULL,
  `created_at` timestamp NULL DEFAULT NULL,
  `updated_at` timestamp NULL DEFAULT NULL
) ENGINE=InnoDB DEFAULT CHARSET=utf8 COLLATE=utf8_unicode_ci;

--
-- Dumping data for table `theloai`
--

INSERT INTO `theloai` (`id`, `Ten`, `TenKhongDau`, `created_at`, `updated_at`) VALUES
(1, 'Xã Hội', 'xa-hoi', '0000-00-00 00:00:00', '2017-04-20 04:12:44'),
(2, 'Thế Giới', 'the-gioi', '0000-00-00 00:00:00', '2017-04-20 04:12:48'),
(3, 'Kinh Doanh', 'kinh-doanh', '0000-00-00 00:00:00', '2017-04-20 04:12:54'),
(4, 'Văn Hóa', 'van-hoa', '0000-00-00 00:00:00', '2017-04-20 04:13:01'),
(5, 'Thể Thao', 'the-thao', '0000-00-00 00:00:00', '2017-04-20 04:13:04'),
(6, 'Pháp Luật', 'phap-luat', '2017-03-25 17:30:54', '2017-04-20 04:13:07'),
(7, 'Độc Lạ', 'doc-la', '2017-04-13 10:17:38', '2017-04-13 10:17:38'),
(8, 'Góc của Nàng', 'goc-cua-nang', '2017-04-13 10:17:57', '2017-04-13 10:17:57'),
(9, 'Thú cưng', 'thu-cung', '2017-04-13 10:18:22', '2017-04-13 10:18:22'),
(12, 'Công Nghệ', 'cong-nghe', '2017-04-13 10:19:05', '2017-04-13 10:19:05'),
(13, 'thành công', 'thanh-cong', '2017-04-12 17:06:18', '2017-04-12 17:06:18'),
(14, 'Làm Gì Có Gì 1', 'lam-gi-co-gi-1', '2017-04-12 17:06:26', '2017-04-17 18:34:18'),
(15, 'Nhập Thể Loại', 'nhap-the-loai', '2017-04-17 10:18:33', '2017-04-17 10:18:33');

-- --------------------------------------------------------

--
-- Table structure for table `tintuc`
--

CREATE TABLE `tintuc` (
  `id` int(11) NOT NULL,
  `TieuDe` varchar(255) COLLATE utf8_unicode_ci NOT NULL,
  `TieuDeKhongDau` varchar(255) COLLATE utf8_unicode_ci NOT NULL,
  `TomTat` mediumtext COLLATE utf8_unicode_ci NOT NULL,
  `NoiDung` mediumtext COLLATE utf8_unicode_ci NOT NULL,
  `Hinh` varchar(255) COLLATE utf8_unicode_ci NOT NULL,
  `NoiBat` int(11) NOT NULL,
  `SoLuotXem` int(11) DEFAULT NULL,
  `idLoaiTin` int(11) NOT NULL,
  `created_at` timestamp NULL DEFAULT NULL,
  `updated_at` timestamp NULL DEFAULT NULL
) ENGINE=InnoDB DEFAULT CHARSET=utf8 COLLATE=utf8_unicode_ci;

--
-- Dumping data for table `tintuc`
--

INSERT INTO `tintuc` (`id`, `TieuDe`, `TieuDeKhongDau`, `TomTat`, `NoiDung`, `Hinh`, `NoiBat`, `SoLuotXem`, `idLoaiTin`, `created_at`, `updated_at`) VALUES
(3, 'tỉnh Bắc Ninh đã được chặt hạ và chuyển giao xong cho ông Nguyễn Văn Hùy', 'tinh-bac-ninh-da-duoc-chat-ha-va-chuyen-giao-xong-cho-ong-nguyen-van-huy', 'cây sưa 200 tuổi ở đình làng Đông Cốc, xã Hà Mãn, huyện Thuận Thành, tỉnh Bắc Ninh đã được chặt hạ và chuyển giao xong cho ông Nguyễn Văn Hùy', '<p><span style=\"color:rgb(71, 71, 71); font-family:times new roman; font-size:19px\">Ng&agrave;y 25/3, c&acirc;y sưa 200 tuổi ở đ&igrave;nh l&agrave;ng Đ&ocirc;ng Cốc, x&atilde; H&agrave; M&atilde;n, huyện Thuận Th&agrave;nh, tỉnh Bắc Ninh đ&atilde; được chặt hạ v&agrave; chuyển giao xong cho &ocirc;ng Nguyễn Văn H&ugrave;y (Đồng Kỵ, huyện Từ Sơn, Bắc Ninh) với mức gi&aacute; l&agrave; 26 tỷ đồng.</span></p>', 'WieB_media-3.jpg', 1, 0, 7, '2017-03-31 06:00:24', '2017-05-07 06:06:46'),
(4, 'Quân đội Hàn Quốc cho biết Triều Tiên đã tiến hành phóng thử tên lửa vào sáng nay', 'quan-doi-han-quoc-cho-biet-trieu-tien-da-tien-hanh-phong-thu-ten-lua-vao-sang-nay', 'Quân đội Hàn Quốc cho biết Triều Tiên đã tiến hành phóng thử tên lửa vào sáng nay tại khu vực gần thành phố Sinpo thuộc bờ biển phía đông nước này nhưng vụ thử nghiệm được cho là đã thất bại.', '<p>cuộc đời vẫn đẹp sao , <em><strong>t&igrave;nh y&ecirc;u vẫn đẹp sao&nbsp;</strong></em></p>', 'EXNd_551123.jpg', 1, 0, 1, '2017-03-31 06:31:04', '2017-04-24 03:54:33'),
(5, 'Tên lửa Triều Tiên phát nổ ngay khi rời bệ phóng', 'ten-lua-trieu-tien-phat-no-ngay-khi-roi-be-phong', 'Quân đội Hàn Quốc cho biết Triều Tiên đã tiến hành phóng thử tên lửa vào sáng nay tại khu vực gần thành phố Sinpo thuộc bờ biển phía đông nước này nhưng vụ thử nghiệm được cho là đã thất bại.', '<p><strong>Ph&oacute; tổng thống Mỹ thăm H&agrave;n Quốc</strong></p>\r\n\r\n<p>Vụ thử t&ecirc;n lửa của Triều Ti&ecirc;n diễn ra chỉ v&agrave;i giờ trước khi Ph&oacute; tổng thống Mỹ Mike Pence c&oacute; chuyến thăm H&agrave;n Quốc v&agrave;o h&ocirc;m nay.</p>\r\n\r\n<p><strong>T&ecirc;n lửa ph&aacute;t nổ gần như ngay tức th&igrave;</strong></p>\r\n\r\n<p><em>Reuters&nbsp;</em>dẫn lời một ph&aacute;t ng&ocirc;n vi&ecirc;n qu&acirc;n đội Mỹ cho biết Triều Ti&ecirc;n đ&atilde; ph&oacute;ng một t&ecirc;n lửa gần Sinpo, tr&ecirc;n bờ biển ph&iacute;a đ&ocirc;ng nước n&agrave;y v&agrave;o s&aacute;ng sớm nay, v&agrave; t&ecirc;n lửa đ&atilde; ph&aacute;t nổ gần như ngay tức th&igrave;.</p>\r\n\r\n<p>Trung t&aacute; Hải qu&acirc;n Mỹ Dave Benham, ph&aacute;t ng&ocirc;n vi&ecirc;n Bộ Tư lệnh Th&aacute;i B&igrave;nh Dương, cho hay cơ quan n&agrave;y đ&atilde; ph&aacute;t hiện v&agrave; theo d&otilde;i vụ ph&oacute;ng t&ecirc;n lửa đạn đạo của Triều Ti&ecirc;n, diễn ra v&agrave;o l&uacute;c 5h51 s&aacute;ng 16/4 giờ địa phương. &Ocirc;ng Benham x&aacute;c nhận t&ecirc;n lửa đ&atilde; ph&aacute;t nổ gần như ngay sau đ&oacute; v&agrave; giới chức Mỹ đang t&igrave;m hiểu xem đ&acirc;y l&agrave; t&ecirc;n lửa loại n&agrave;o.</p>\r\n\r\n<div class=\"VCSortableInPreviewMode IMSCurrentEditorEditObject\" style=\"margin-bottom: 13px; padding: 0px; border: 0px; outline: none 0px; max-width: 100%; background-color: rgb(238, 238, 238); font-family: tahoma; color: rgb(71, 71, 71); width: 640px; margin-top: 0px !important; margin-right: auto !important; margin-left: auto !important;\">\r\n<div style=\"margin: 0px auto; padding: 0px; border: 0px; outline: none 0px; max-width: 100%;\"><img alt=\"\r\nMột vụ phóng thử tên lửa Musudan của Triều Tiên (Ảnh: Reuters)\r\n\" id=\"img_33be16c0-223b-11e7-b866-db7f15cab6b8\" src=\"https://dantricdn.com/2017/ten-lua-1492300339496-1492302322551.jpg\" style=\"background-color:rgb(221, 221, 221); border:0px; display:inline; margin:0px auto; max-width:100%; outline:none 0px; padding:0px; vertical-align:bottom; width:640px\" /></div>\r\n\r\n<div class=\"PhotoCMS_Caption\" style=\"margin: 0px auto; padding: 5px; border: 0px; outline: none 0px; max-width: 100%; text-align: center;\">\r\n<p>Một vụ ph&oacute;ng thử t&ecirc;n lửa Musudan của Triều Ti&ecirc;n (Ảnh: Reuters)</p>\r\n</div>\r\n</div>\r\n\r\n<p><strong>Vụ ph&oacute;ng diễn ra một ng&agrave;y sau cuộc duyệt binh</strong></p>\r\n\r\n<p>&ldquo;Triều Ti&ecirc;n đ&atilde; cố gắng ph&oacute;ng một t&ecirc;n lửa chưa được x&aacute;c định từ khu vực gần th&agrave;nh phố Sinpo v&agrave;o s&aacute;ng nay nhưng vụ thử nghiệm n&agrave;y được cho l&agrave; đ&atilde; thất bại&rdquo;,&nbsp;<em>Reuters</em>&nbsp;dẫn th&ocirc;ng b&aacute;o của Văn ph&ograve;ng Hội đồng Tham mưu trưởng Li&ecirc;n qu&acirc;n H&agrave;n Quốc cho biết.</p>\r\n\r\n<p>Hiện vẫn chưa c&oacute; nhiều th&ocirc;ng tin chi tiết v&agrave; ph&iacute;a H&agrave;n Quốc cũng đang v&agrave;o cuộc để ph&acirc;n t&iacute;ch vụ ph&oacute;ng thử t&ecirc;n lửa n&agrave;y.</p>\r\n\r\n<p>Nếu th&ocirc;ng tin do qu&acirc;n đội H&agrave;n Quốc đưa ra l&agrave; ch&iacute;nh x&aacute;c, th&igrave; vụ ph&oacute;ng t&ecirc;n lửa tr&ecirc;n diễn ra chỉ một ng&agrave;y sau khi Triều Ti&ecirc;n tổ chức lễ duyệt binh rầm rộ kỷ niệm 105 năm ng&agrave;y sinh của cố l&atilde;nh tụ Kim Nhật Th&agrave;nh. Tại lễ duyệt binh n&agrave;y, B&igrave;nh Nhưỡng cũng ph&ocirc; diễn sức mạnh của nhiều loại t&ecirc;n lửa mới.</p>\r\n\r\n<p>Th&aacute;ng trước, Triều Ti&ecirc;n cũng từng ph&oacute;ng một t&ecirc;n lửa đạn đạo từ ch&iacute;nh khu vực bờ biển ph&iacute;a đ&ocirc;ng nước n&agrave;y trước th&ecirc;m cuộc gặp cấp cao giữa Tổng thống Mỹ Donald Trump v&agrave; Chủ tịch Trung Quốc Tập Cận B&igrave;nh. Trong cuộc gặp n&agrave;y, hai nh&agrave; l&atilde;nh đạo cũng b&agrave;n thảo về việc kiềm chế chương tr&igrave;nh hạt nh&acirc;n v&agrave; t&ecirc;n lửa của Triều Ti&ecirc;n.</p>\r\n\r\n<p>Trước khi lễ duyệt binh của Triều Ti&ecirc;n diễn ra, giới quan s&aacute;t nhận định B&igrave;nh Nhưỡng c&oacute; thể tiến h&agrave;nh một vụ thử t&ecirc;n lửa hoặc hạt nh&acirc;n mới nh&acirc;n c&aacute;c sự kiện trọng đại của đất nước trong th&aacute;ng 4. Hải qu&acirc;n Mỹ tuần trước cũng đ&atilde; điều nh&oacute;m t&aacute;c chiến t&agrave;u s&acirc;n bay USS Carl Vinson tới gần b&aacute;n đảo Triều Ti&ecirc;n để ph&aacute;t đi t&iacute;n hiệu cứng rắn tới B&igrave;nh Nhưỡng.</p>', '5Ucv_46937038-nature-pic.jpg', 1, 100, 22, '2017-04-14 17:56:30', '2017-04-23 09:59:47'),
(6, 'Đại sứ Nhật đích thân đến báo tin, cúi đầu xin lỗi cha bé Linh', 'dai-su-nhat-dich-than-den-bao-tin-cui-dau-xin-loi-cha-be-linh', 'Sau khi bắt được nghi phạm vụ sát hại bé Linh, đại sứ Nhật Bản đã đến tận nhà gia đình tại Việt Nam để chia buồn.', '<p>S&aacute;ng ng&agrave;y 14/4, cảnh s&aacute;t Nhật Bản đ&atilde; bắt giam nghi phạm&nbsp;<a href=\"http://kul.vn/tags/yasumasa-shibuya\" style=\"box-sizing: border-box; text-rendering: geometricPrecision; background-color: transparent; color: rgb(51, 122, 183); text-decoration: none; transition: all 0.2s ease-in-out; font-family: inherit; font-size: inherit; display: initial; border-bottom: 0px dotted rgb(51, 51, 51);\">Yasumasa Shibuya</a>&nbsp;c&oacute; li&ecirc;n can đến vụ s&aacute;t hại b&eacute; Linh. Th&ocirc;ng tin n&agrave;y đ&atilde; được b&aacute;o ngay cho gia đ&igrave;nh của b&eacute; ở Hưng Y&ecirc;n.</p>\r\n\r\n<p>Chiều c&ugrave;ng ng&agrave;y, &ocirc;ng Kunio Umeda, đại sứ Nhật Bản đ&atilde; c&ugrave;ng l&atilde;nh đạo huyện Kho&aacute;i Ch&acirc;u, tỉnh Hưng Y&ecirc;n đến nh&agrave; &ocirc;ng L&ecirc; Anh H&agrave;o, bố của b&eacute; Linh, để thắp nhang v&agrave; gửi lời thăm hỏi đến gia đ&igrave;nh.</p>\r\n\r\n<p><img alt=\"\" src=\"http://cdn.kul.vn/uploads/media/original/58f0/e9/dai-su-nhat-cuoi-dau-xin-loi-2.jpg\" style=\"border:0px; box-sizing:border-box; height:auto; max-width:100%; text-rendering:geometricPrecision; vertical-align:middle\" /></p>\r\n\r\n<p>&Ocirc;ng Kumeda đ&iacute;ch th&acirc;n đến b&aacute;o tin cho gia đ&igrave;nh b&eacute; Linh tại Hưng Y&ecirc;n.</p>\r\n\r\n<p>&Ocirc;ng Umeda đ&atilde; trực tiếp th&ocirc;ng b&aacute;o cho gia đ&igrave;nh về tiến triển vụ &aacute;n b&ecirc;n Nhật Bản v&agrave; mong mọi người y&ecirc;n l&ograve;ng, tin tưởng v&agrave;o bản lĩnh của cảnh s&aacute;t Nhật.</p>\r\n\r\n<p>Tuy nhi&ecirc;n, điều khiến mọi người ấn tượng nhất ch&iacute;nh l&agrave; bức ảnh &ocirc;ng Umeda c&uacute;i đầu xin lỗi trước &ocirc;ng H&agrave;o, thể hiện một n&eacute;t văn h&oacute;a v&ocirc; c&ugrave;ng đặc trưng của người Nhật.</p>\r\n\r\n<p>&Ocirc;ng H&agrave;o cho biết, ng&agrave;i đại sứ đ&atilde; đ&iacute;ch th&acirc;n đến tận đ&acirc;y để thay mặt nh&acirc;n d&acirc;n Nhật Bản gửi lời xin lỗi gia đ&igrave;nh v&agrave; mong con g&aacute;i &ocirc;ng được si&ecirc;u tho&aacute;t.</p>\r\n\r\n<p><img alt=\"\" src=\"http://cdn.kul.vn/uploads/media/original/58f0/e9/dai-su-nhat-cuoi-dau-xin-loi-1.jpg\" style=\"border:0px; box-sizing:border-box; height:auto; max-width:100%; text-rendering:geometricPrecision; vertical-align:middle\" /></p>\r\n\r\n<p>Ng&agrave;i đại sứ Nhật kh&ocirc;ng ngần ngại c&uacute;i đầu tạ lỗi với &ocirc;ng H&agrave;o, cha của b&eacute; Linh. (Ảnh: Facebook)</p>\r\n\r\n<p><em>&quot;D&ugrave; rằng t&ocirc;i biết c&oacute; xin lỗi bao nhi&ecirc;u th&igrave; ch&aacute;u Linh kh&ocirc;ng thể quay về được nữa, nhưng h&ocirc;m nay bắt giữ được nghi phạm khiến bản th&acirc;n t&ocirc;i v&agrave; người d&acirc;n đất nước Nhật cảm thấy nhẹ l&ograve;ng&quot;</em>, &ocirc;ng Kunio Umeda chia sẻ.</p>\r\n\r\n<p>Được biết s&aacute;ng 14/4, sau khi hay tin bắt được hung thủ, &ocirc;ng H&agrave;o đ&atilde; kh&ocirc;ng giấu được nỗi căm phẫn v&agrave; tuy&ecirc;n bố sẽ kh&ocirc;ng tha thứ. Tuy nhi&ecirc;n, c&oacute; lẽ ch&iacute;nh nhờ lời xin lỗi ch&acirc;n th&agrave;nh của ng&agrave;i đại sứ Nhật Bản đ&atilde; khiến &ocirc;ng H&agrave;o ngu&ocirc;i ngoai, thanh thản hơn.</p>\r\n\r\n<p>Ở Nhật Bản, c&uacute;i đầu l&agrave; một biểu hiện của l&ograve;ng khi&ecirc;m tốn cũng như cả sự k&iacute;nh trọng d&agrave;nh cho đối phương. Lời xin lỗi của họ kh&ocirc;ng đơn thuần l&agrave; nhận lỗi sai đ&oacute; về m&igrave;nh, m&agrave; c&ograve;n thể hiện tr&aacute;ch nhiệm của bản th&acirc;n với sai lầm đ&oacute; cũng như lời hứa sẽ khắc phục.</p>\r\n\r\n<p>Với người Nhật, kh&ocirc;ng ai ngạc nhi&ecirc;n chuyện n&agrave;y khi m&agrave; cả Thủ tướng v&agrave; c&aacute;c Bộ trưởng vẫn lu&ocirc;n sẵn s&agrave;ng nhận lỗi v&agrave; c&uacute;i đầu xin lỗi v&igrave; những những sai lầm của họ. Thậm ch&iacute; c&oacute; thể chỉ l&agrave; một lời n&oacute;i hớ h&ecirc;nh trước d&acirc;n ch&uacute;ng.</p>\r\n\r\n<p>Quay trở lại vụ &aacute;n, sau buổi thẩm vấn đầu ti&ecirc;n, nghi phạm vẫn chưa khai ra th&ecirc;m bất kỳ t&igrave;nh tiết n&agrave;o quan trọng. &Ocirc;ng Umeda khẳng định cảnh s&aacute;t Nhật chắc chắn sẽ đem hung thủ phơi b&agrave;y trước &aacute;nh s&aacute;ng.</p>', 'g7aT_media-7.jpg', 1, 0, 1, '2017-04-14 19:23:59', '2017-04-24 05:45:59'),
(7, 'Hàng xóm nói về nghi phạm sát hại bé gái Việt: \'Ông ta từng là một người cha tuyệt vời\'', 'hang-xom-noi-ve-nghi-pham-sat-hai-be-gai-viet-ong-ta-tung-la-mot-nguoi-cha-tuyet-voi', 'Sau khi Yasumasa Shibuya, nghi phạm vụ sát hại bé gái người Việt bị bắt giữ. Hàng xóm xung quanh đã bị sốc và không thể tin chuyện vừa xảy ra trước mắt mình', '<p>S&aacute;ng ng&agrave;y 14/4, cảnh s&aacute;t tỉnh Chiba đ&atilde; đến nh&agrave; v&agrave; bắt giữ nghi phạm 46 tuổi, &ocirc;ng Yasumasa Shibuya, đồng thời từng giữ chức hội trưởng gi&aacute;m hộ học sinh tại trường tiểu học Mutsumi Daini.</p>\r\n\r\n<p>Mẫu ADN t&igrave;m thấy tr&ecirc;n thi thể của b&eacute; Linh ho&agrave;n to&agrave;n tr&ugrave;ng khớp với ADN của Shibuya. Trước sự việc n&agrave;y, h&agrave;ng x&oacute;m xung quanh đ&atilde; kh&ocirc;ng giấu được cảm gi&aacute;c bị sốc khi người đ&agrave;n &ocirc;ng m&agrave; họ lu&ocirc;n cho l&agrave; mẫu mực từ trước đến nay lại c&oacute; li&ecirc;n can đến vụ việc n&agrave;y.</p>\r\n\r\n<p><img alt=\"\" src=\"http://cdn.kul.vn/uploads/media/original/58f0/83/nghi-pham-giet-be-gai-tai-nhat-7.jpg\" style=\"border:0px; box-sizing:border-box; height:auto; max-width:100%; text-rendering:geometricPrecision; vertical-align:middle\" /></p>\r\n\r\n<p>Shibuya trong mắt h&agrave;ng x&oacute;m vẫn lu&ocirc;n l&agrave; một người đ&agrave;n &ocirc;ng mẫu mực. (Ảnh: Asahi Shimbun)</p>\r\n\r\n<p>Mọi người cho biết, khi c&ograve;n l&agrave; hội trưởng gi&aacute;m hộ học sinh v&agrave;o năm 2016, &ocirc;ng Shibuya l&agrave; người tận t&acirc;m trong c&ocirc;ng việc. &Ocirc;ng lu&ocirc;n c&oacute; mặt để hướng dẫn, tr&ocirc;ng nom c&aacute;c học sinh, đảm bảo an to&agrave;n cho bọn trẻ đến trường v&agrave; về nh&agrave;. Thậm ch&iacute;, sau ca trực, &ocirc;ng vẫn thường n&aacute;n lại một thời gian nữa rồi mới rời khỏi.</p>\r\n\r\n<p>Một người d&acirc;n 60 tuổi chia sẻ với Mainichi:&nbsp;<em>&quot;C&aacute;ch đ&acirc;y một tuần, t&ocirc;i đ&atilde; tr&ocirc;ng thấy &ocirc;ng ta cũng với 5-6 người c&oacute; vẻ l&agrave; phụ huynh của học sinh trường Mutsumi Daini đang đi tuần tại ga Mutsuni khi trời đ&atilde; kh&aacute; muộn. Tr&ocirc;ng kh&ocirc;ng c&oacute; một t&iacute; g&igrave; h&igrave;nh ảnh của kẻ s&aacute;t nh&acirc;n.</em></p>\r\n\r\n<p><em>T&ocirc;i c&ograve;n nhớ c&aacute;ch đ&acirc;y v&agrave;i năm, t&ocirc;i cũng từng thấy Shibuya nắm tay 2 học sinh đến trường. T&ocirc;i đ&atilde; nghĩ &ocirc;ng ta hẳn l&agrave; một người cha v&ocirc; c&ugrave;ng tuyệt vời. Thật sự rất sốc&quot;.</em></p>', 'QmAc_46937038-nature-pic.jpg', 1, 0, 5, '2017-04-14 18:21:57', '2017-04-16 09:42:33'),
(8, 'Những công trình “khủng” chiếm vỉa hè bị ông Đoàn Ngọc Hải tháo dỡ', 'nhung-cong-trinh-khung-chiem-via-he-bi-ong-doan-ngoc-hai-thao-do', 'Khung mái che bằng sắt dài 25 mét của tòa nhà SaiGon Center, bồn hoa dài hàng chục mét của khách sạn New World và Khách sạn Majestic, hàng loạt bức tường “khủng” trước toà nhà Bộ Công Thương, Công ty quản lý nhà TP và cao ốc…', '<p style=\"text-align:center\">Tiểu đảo chiếm vỉa h&egrave; đường Đinh Ti&ecirc;n Ho&agrave;ng nằm trước Trường C&aacute;n bộ Quản l&yacute; n&ocirc;ng nghiệp v&agrave; Ph&aacute;t triển n&ocirc;ng th&ocirc;n 2 bị ph&aacute; bỏ.</p>\r\n\r\n<div class=\"before-after VCCSortableInPreviewMode\" id=\"VCBeforeAfter1492301084309\" style=\"margin: 0px auto; padding: 0px; border: 0px; font-size: 12px; outline: none 0px; max-width: 100%; font-family: arial; font-weight: bold; color: rgb(71, 71, 71); width: 0px; height: 0px; overflow: hidden; position: relative;\" title=\"Dãy bồn hoa rộng 4 mét, dài hơn 10 mét chiếm vỉa hè đường Đồng Khởi bị phá bỏ\">\r\n<div class=\"ui-draggable\" id=\"dragwrapper38239755\" style=\"margin: 0px; padding: 0px; border: 0px; outline: none 0px; max-width: 100%; position: absolute; z-index: 20; width: 0px; height: 0px; left: 0px; opacity: 0.25;\">\r\n<div id=\"drag38239755\" style=\"margin: 0px; padding: 0px; border: 0px; outline: none 0px; max-width: 100%; width: 2px; height: 0px; background: rgb(34, 34, 34); position: absolute; left: 3px;\"><img alt=\"handle\" id=\"handle38239755\" src=\"https://dantri4.vcmedia.vn/web_images/controbuttonl.png\" style=\"background-color:rgb(221, 221, 221); border:0px; cursor:e-resize; display:inline; font-size:0px; height:56px; left:-3px; margin:0px auto; max-width:100%; outline:none 0px; padding:0px; position:relative; top:-28px; vertical-align:bottom; width:8px; z-index:100\" /></div>\r\n</div>\r\n\r\n<div class=\"panel-before baw50\" style=\"margin: 0px; padding: 0px; border: 0px; outline: none 0px; max-width: 100%; height: 0px; position: absolute; overflow: hidden; left: 0px; z-index: 10; width: 0px;\"><img alt=\"\" class=\"before-after-img\" id=\"beforeimage38239755\" src=\"https://dantricdn.com/2017/via-he-7-jpg-1492301000663.jpg\" style=\"background-color:rgb(221, 221, 221); border:0px; display:inline; font-size:0px; left:0px; margin:0px auto; max-width:640px; outline:none 0px; padding:0px; position:absolute; top:0px; vertical-align:bottom\" /></div>\r\n\r\n<div class=\"panel-after baw50\" style=\"margin: 0px; padding: 0px; border: 0px; outline: none 0px; max-width: 100%; height: 0px; width: 0px; position: absolute; overflow: hidden; right: 0px;\"><img alt=\"\" class=\"before-after-img\" id=\"afterimage38239755\" src=\"https://dantricdn.com/2017/via-he-8-1492301000665.jpg\" style=\"background-color:rgb(221, 221, 221); border:0px; display:inline; font-size:0px; margin:0px auto; max-width:640px; outline:none 0px; padding:0px; position:absolute; right:0px; top:0px; vertical-align:bottom\" /></div>\r\n<img id=\"lt-arrow38239755\" src=\"https://dantri4.vcmedia.vn/web_images/lt-small.png\" style=\"background-color:rgb(221, 221, 221); border:0px; display:inline; font-size:0px; height:15px; margin:0px auto; max-width:100%; outline:none 0px; padding:0px; vertical-align:bottom; width:7px\" /><img id=\"rt-arrow38239755\" src=\"https://dantri4.vcmedia.vn/web_images/rt-small.png\" style=\"background-color:rgb(221, 221, 221); border:0px; display:inline; font-size:0px; height:15px; margin:0px auto; max-width:100%; outline:none 0px; padding:0px; vertical-align:bottom; width:7px\" /></div>\r\n\r\n<div class=\"balinks\" id=\"links38239755\" style=\"margin: 0px auto; padding: 7px 0px 0px; border: 0px; font-size: 12px; outline: none 0px; max-width: 100%; font-family: arial; font-weight: bold; height: 30px; background-color: rgb(51, 51, 51); color: rgb(71, 71, 71); position: relative; width: 0px;\">&nbsp;&nbsp; &laquo;&raquo; &nbsp;&nbsp;</div>\r\n\r\n<p style=\"text-align:center\">D&atilde;y bồn hoa rộng 2 m&eacute;t, d&agrave;i hơn 10 m&eacute;t chiếm vỉa h&egrave; đường Đồng Khởi bị ph&aacute; bỏ.</p>\r\n\r\n<div class=\"before-after VCCSortableInPreviewMode\" id=\"VCBeforeAfter1492301403778\" style=\"margin: 0px auto; padding: 0px; border: 0px; font-size: 12px; outline: none 0px; max-width: 100%; font-family: arial; font-weight: bold; color: rgb(71, 71, 71); width: 0px; height: 0px; overflow: hidden; position: relative;\" title=\"Bồn hoa rộng 3 mét, dài hơn 20 mét trước khách sạn Majestic đường Tôn Đức Thắng chiếm vỉa hè bị ông Hải chỉ đạo phá bỏ để trả lại phần đường cho người đi bộ\">\r\n<div class=\"ui-draggable\" id=\"dragwrapper40703638\" style=\"margin: 0px; padding: 0px; border: 0px; outline: none 0px; max-width: 100%; position: absolute; z-index: 20; width: 0px; height: 0px; left: 0px; opacity: 0.25;\">\r\n<div id=\"drag40703638\" style=\"margin: 0px; padding: 0px; border: 0px; outline: none 0px; max-width: 100%; width: 2px; height: 0px; background: rgb(34, 34, 34); position: absolute; left: 3px;\"><img alt=\"handle\" id=\"handle40703638\" src=\"https://dantri4.vcmedia.vn/web_images/controbuttonl.png\" style=\"background-color:rgb(221, 221, 221); border:0px; cursor:e-resize; display:inline; font-size:0px; height:56px; left:-3px; margin:0px auto; max-width:100%; outline:none 0px; padding:0px; position:relative; top:-28px; vertical-align:bottom; width:8px; z-index:100\" /></div>\r\n</div>\r\n\r\n<div class=\"panel-before baw50\" style=\"margin: 0px; padding: 0px; border: 0px; outline: none 0px; max-width: 100%; height: 0px; position: absolute; overflow: hidden; left: 0px; z-index: 10; width: 0px;\"><img alt=\"\" class=\"before-after-img\" id=\"beforeimage40703638\" src=\"https://dantricdn.com/2017/via-he-k-1492301167242.jpg\" style=\"background-color:rgb(221, 221, 221); border:0px; display:inline; font-size:0px; left:0px; margin:0px auto; max-width:640px; outline:none 0px; padding:0px; position:absolute; top:0px; vertical-align:bottom\" /></div>\r\n\r\n<div class=\"panel-after baw50\" style=\"margin: 0px; padding: 0px; border: 0px; outline: none 0px; max-width: 100%; height: 0px; width: 0px; position: absolute; overflow: hidden; right: 0px;\"><img alt=\"\" class=\"before-after-img\" id=\"afterimage40703638\" src=\"https://dantricdn.com/2017/via-he-l-1492301167244.jpg\" style=\"background-color:rgb(221, 221, 221); border:0px; display:inline; font-size:0px; margin:0px auto; max-width:640px; outline:none 0px; padding:0px; position:absolute; right:0px; top:0px; vertical-align:bottom\" /></div>\r\n<img id=\"lt-arrow40703638\" src=\"https://dantri4.vcmedia.vn/web_images/lt-small.png\" style=\"background-color:rgb(221, 221, 221); border:0px; display:inline; font-size:0px; height:15px; margin:0px auto; max-width:100%; outline:none 0px; padding:0px; vertical-align:bottom; width:7px\" /><img id=\"rt-arrow40703638\" src=\"https://dantri4.vcmedia.vn/web_images/rt-small.png\" style=\"background-color:rgb(221, 221, 221); border:0px; display:inline; font-size:0px; height:15px; margin:0px auto; max-width:100%; outline:none 0px; padding:0px; vertical-align:bottom; width:7px\" /></div>\r\n\r\n<div class=\"balinks\" id=\"links40703638\" style=\"margin: 0px auto; padding: 7px 0px 0px; border: 0px; font-size: 12px; outline: none 0px; max-width: 100%; font-family: arial; font-weight: bold; height: 30px; background-color: rgb(51, 51, 51); color: rgb(71, 71, 71); position: relative; width: 0px;\">&nbsp;&nbsp; &laquo;&raquo; &nbsp;&nbsp;</div>\r\n\r\n<p style=\"text-align:center\">Bồn hoa rộng 3 m&eacute;t, d&agrave;i hơn 20 m&eacute;t trước kh&aacute;ch sạn Majestic đường T&ocirc;n Đức Thắng chiếm vỉa h&egrave; bị &ocirc;ng Hải chỉ đạo ph&aacute; bỏ để trả lại phần đường cho người đi bộ.</p>\r\n\r\n<div class=\"before-after VCCSortableInPreviewMode\" id=\"VCBeforeAfter1492301642393\" style=\"margin: 0px auto; padding: 0px; border: 0px; font-size: 12px; outline: none 0px; max-width: 100%; font-family: arial; font-weight: bold; color: rgb(71, 71, 71); width: 0px; height: 0px; overflow: hidden; position: relative;\" title=\"Trụ sở khu phố 3 của phường Tân Định, quận 1 cao gần 5 mét, nhô ra vỉa hè bị ông Hải chỉ đạo lực lượng đập bỏ\">\r\n<div class=\"ui-draggable\" id=\"dragwrapper32764595\" style=\"margin: 0px; padding: 0px; border: 0px; outline: none 0px; max-width: 100%; position: absolute; z-index: 20; width: 0px; height: 0px; left: 0px; opacity: 0.25;\">\r\n<div id=\"drag32764595\" style=\"margin: 0px; padding: 0px; border: 0px; outline: none 0px; max-width: 100%; width: 2px; height: 0px; background: rgb(34, 34, 34); position: absolute; left: 3px;\"><img alt=\"handle\" id=\"handle32764595\" src=\"https://dantri4.vcmedia.vn/web_images/controbuttonl.png\" style=\"background-color:rgb(221, 221, 221); border:0px; cursor:e-resize; display:inline; font-size:0px; height:56px; left:-3px; margin:0px auto; max-width:100%; outline:none 0px; padding:0px; position:relative; top:-28px; vertical-align:bottom; width:8px; z-index:100\" /></div>\r\n</div>\r\n\r\n<div class=\"panel-before baw50\" style=\"margin: 0px; padding: 0px; border: 0px; outline: none 0px; max-width: 100%; height: 0px; position: absolute; overflow: hidden; left: 0px; z-index: 10; width: 0px;\"><img alt=\"\" class=\"before-after-img\" id=\"beforeimage32764595\" src=\"https://dantricdn.com/2017/via-he-m-1492301490643.jpg\" style=\"background-color:rgb(221, 221, 221); border:0px; display:inline; font-size:0px; left:0px; margin:0px auto; max-width:640px; outline:none 0px; padding:0px; position:absolute; top:0px; vertical-align:bottom\" /></div>\r\n\r\n<div class=\"panel-after baw50\" style=\"margin: 0px; padding: 0px; border: 0px; outline: none 0px; max-width: 100%; height: 0px; width: 0px; position: absolute; overflow: hidden; right: 0px;\"><img alt=\"\" class=\"before-after-img\" id=\"afterimage32764595\" src=\"https://dantricdn.com/2017/via-he-n-1492301490644.jpg\" style=\"background-color:rgb(221, 221, 221); border:0px; display:inline; font-size:0px; margin:0px auto; max-width:640px; outline:none 0px; padding:0px; position:absolute; right:0px; top:0px; vertical-align:bottom\" /></div>\r\n<img id=\"lt-arrow32764595\" src=\"https://dantri4.vcmedia.vn/web_images/lt-small.png\" style=\"background-color:rgb(221, 221, 221); border:0px; display:inline; font-size:0px; height:15px; margin:0px auto; max-width:100%; outline:none 0px; padding:0px; vertical-align:bottom; width:7px\" /><img id=\"rt-arrow32764595\" src=\"https://dantri4.vcmedia.vn/web_images/rt-small.png\" style=\"background-color:rgb(221, 221, 221); border:0px; display:inline; font-size:0px; height:15px; margin:0px auto; max-width:100%; outline:none 0px; padding:0px; vertical-align:bottom; width:7px\" /></div>\r\n\r\n<div class=\"balinks\" id=\"links32764595\" style=\"margin: 0px auto; padding: 7px 0px 0px; border: 0px; font-size: 12px; outline: none 0px; max-width: 100%; font-family: arial; font-weight: bold; height: 30px; background-color: rgb(51, 51, 51); color: rgb(71, 71, 71); position: relative; width: 0px;\">&nbsp;&nbsp; &laquo;&raquo; &nbsp;&nbsp;</div>\r\n\r\n<p style=\"text-align:center\">Trụ sở khu phố 3 của phường T&acirc;n Định, quận 1 cao gần 4 m&eacute;t, nh&ocirc; ra vỉa h&egrave; đường Trần Khắc Ch&acirc;n bị &ocirc;ng Hải chỉ đạo lực lượng đập bỏ.</p>\r\n\r\n<div class=\"before-after VCCSortableInPreviewMode\" id=\"VCBeforeAfter1492301839072\" style=\"margin: 0px auto; padding: 0px; border: 0px; font-size: 12px; outline: none 0px; max-width: 100%; font-family: arial; font-weight: bold; color: rgb(71, 71, 71); width: 0px; height: 0px; overflow: hidden; position: relative;\" title=\"Toàn bộ 11 bậc tam cấp của khách sạn New World đã bị phá bỏ, trả lại vỉa hè cho người đi bộ\">\r\n<div class=\"ui-draggable\" id=\"dragwrapper90834045\" style=\"margin: 0px; padding: 0px; border: 0px; outline: none 0px; max-width: 100%; position: absolute; z-index: 20; width: 0px; height: 0px; left: 0px; opacity: 0.25;\">\r\n<div id=\"drag90834045\" style=\"margin: 0px; padding: 0px; border: 0px; outline: none 0px; max-width: 100%; width: 2px; height: 0px; background: rgb(34, 34, 34); position: absolute; left: 3px;\"><img alt=\"handle\" id=\"handle90834045\" src=\"https://dantri4.vcmedia.vn/web_images/controbuttonl.png\" style=\"background-color:rgb(221, 221, 221); border:0px; cursor:e-resize; display:inline; font-size:0px; height:56px; left:-3px; margin:0px auto; max-width:100%; outline:none 0px; padding:0px; position:relative; top:-28px; vertical-align:bottom; width:8px; z-index:100\" /></div>\r\n</div>\r\n\r\n<div class=\"panel-before baw50\" style=\"margin: 0px; padding: 0px; border: 0px; outline: none 0px; max-width: 100%; height: 0px; position: absolute; overflow: hidden; left: 0px; z-index: 10; width: 0px;\"><img alt=\"\" class=\"before-after-img\" id=\"beforeimage90834045\" src=\"https://dantricdn.com/2017/via-he-1-1492301752277.jpg\" style=\"background-color:rgb(221, 221, 221); border:0px; display:inline; font-size:0px; left:0px; margin:0px auto; max-width:640px; outline:none 0px; padding:0px; position:absolute; top:0px; vertical-align:bottom\" /></div>\r\n\r\n<div class=\"panel-after baw50\" style=\"margin: 0px; padding: 0px; border: 0px; outline: none 0px; max-width: 100%; height: 0px; width: 0px; position: absolute; overflow: hidden; right: 0px;\"><img alt=\"\" class=\"before-after-img\" id=\"afterimage90834045\" src=\"https://dantricdn.com/2017/via-he-2-1492301752279.jpg\" style=\"background-color:rgb(221, 221, 221); border:0px; display:inline; font-size:0px; margin:0px auto; max-width:640px; outline:none 0px; padding:0px; position:absolute; right:0px; top:0px; vertical-align:bottom\" /></div>\r\n<img id=\"lt-arrow90834045\" src=\"https://dantri4.vcmedia.vn/web_images/lt-small.png\" style=\"background-color:rgb(221, 221, 221); border:0px; display:inline; font-size:0px; height:15px; margin:0px auto; max-width:100%; outline:none 0px; padding:0px; vertical-align:bottom; width:7px\" /><img id=\"rt-arrow90834045\" src=\"https://dantri4.vcmedia.vn/web_images/rt-small.png\" style=\"background-color:rgb(221, 221, 221); border:0px; display:inline; font-size:0px; height:15px; margin:0px auto; max-width:100%; outline:none 0px; padding:0px; vertical-align:bottom; width:7px\" /></div>\r\n\r\n<div class=\"balinks\" id=\"links90834045\" style=\"margin: 0px auto; padding: 7px 0px 0px; border: 0px; font-size: 12px; outline: none 0px; max-width: 100%; font-family: arial; font-weight: bold; height: 30px; background-color: rgb(51, 51, 51); color: rgb(71, 71, 71); position: relative; width: 0px;\">&nbsp;&nbsp; &laquo;&raquo; &nbsp;&nbsp;</div>\r\n\r\n<p style=\"text-align:center\">To&agrave;n bộ 11 bậc tam cấp của kh&aacute;ch sạn New World đ&atilde; bị ph&aacute; bỏ, trả lại vỉa h&egrave; cho người đi bộ.</p>\r\n\r\n<div class=\"before-after VCCSortableInPreviewMode\" id=\"VCBeforeAfter1492302022039\" style=\"margin: 0px auto; padding: 0px; border: 0px; font-size: 12px; outline: none 0px; max-width: 100%; font-family: arial; font-weight: bold; color: rgb(71, 71, 71); width: 0px; height: 0px; overflow: hidden; position: relative;\" title=\"Bậc thềm của khách sạn Paradise Sài Gòn trước và sau khi bị ông Hải cưỡng chế phá bỏ phần chiếm vỉa hè\">\r\n<div class=\"ui-draggable\" id=\"dragwrapper40247155\" style=\"margin: 0px; padding: 0px; border: 0px; outline: none 0px; max-width: 100%; position: absolute; z-index: 20; width: 0px; height: 0px; left: 0px; opacity: 0.25;\">\r\n<div id=\"drag40247155\" style=\"margin: 0px; padding: 0px; border: 0px; outline: none 0px; max-width: 100%; width: 2px; height: 0px; background: rgb(34, 34, 34); position: absolute; left: 3px;\"><img alt=\"handle\" id=\"handle40247155\" src=\"https://dantri4.vcmedia.vn/web_images/controbuttonl.png\" style=\"background-color:rgb(221, 221, 221); border:0px; cursor:e-resize; display:inline; font-size:0px; height:56px; left:-3px; margin:0px auto; max-width:100%; outline:none 0px; padding:0px; position:relative; top:-28px; vertical-align:bottom; width:8px; z-index:100\" /></div>\r\n</div>\r\n\r\n<div class=\"panel-before baw50\" style=\"margin: 0px; padding: 0px; border: 0px; outline: none 0px; max-width: 100%; height: 0px; position: absolute; overflow: hidden; left: 0px; z-index: 10; width: 0px;\"><img alt=\"\" class=\"before-after-img\" id=\"beforeimage40247155\" src=\"https://dantricdn.com/2017/via-he-9-1492301870989.jpg\" style=\"background-color:rgb(221, 221, 221); border:0px; display:inline; font-size:0px; left:0px; margin:0px auto; max-width:640px; outline:none 0px; padding:0px; position:absolute; top:0px; vertical-align:bottom\" /></div>\r\n\r\n<div class=\"panel-after baw50\" style=\"margin: 0px; padding: 0px; border: 0px; outline: none 0px; max-width: 100%; height: 0px; width: 0px; position: absolute; overflow: hidden; right: 0px;\"><img alt=\"\" class=\"before-after-img\" id=\"afterimage40247155\" src=\"https://dantricdn.com/2017/via-he-10-1492301870990.jpg\" style=\"background-color:rgb(221, 221, 221); border:0px; display:inline; font-size:0px; margin:0px auto; max-width:640px; outline:none 0px; padding:0px; position:absolute; right:0px; top:0px; vertical-align:bottom\" /></div>\r\n<img id=\"lt-arrow40247155\" src=\"https://dantri4.vcmedia.vn/web_images/lt-small.png\" style=\"background-color:rgb(221, 221, 221); border:0px; display:inline; font-size:0px; height:15px; margin:0px auto; max-width:100%; outline:none 0px; padding:0px; vertical-align:bottom; width:7px\" /><img id=\"rt-arrow40247155\" src=\"https://dantri4.vcmedia.vn/web_images/rt-small.png\" style=\"background-color:rgb(221, 221, 221); border:0px; display:inline; font-size:0px; height:15px; margin:0px auto; max-width:100%; outline:none 0px; padding:0px; vertical-align:bottom; width:7px\" /></div>', 'jDb1_media-8.jpg', 1, 10, 1, '2017-04-14 18:13:12', '2017-04-24 06:27:21'),
(9, 'Thủ tướng hủy quyết định khen thưởng Trịnh Xuân Thanh', 'thu-tuong-huy-quyet-dinh-khen-thuong-trinh-xuan-thanh', 'Thủ tướng Nguyễn Xuân Phúc vừa ký Quyết định 477/QĐ-TTg hủy bỏ Quyết định số 48/QĐ-TTg ngày 11/1/2010 về việc tặng Bằng khen của Thủ tướng Chính phủ đối với ông Trịnh Xuân Thanh.', '<p>Thủ tướng Nguyễn Xu&acirc;n Ph&uacute;c y&ecirc;u cầu Bộ C&ocirc;ng Thương thu hồi Bằng khen v&agrave; tiền thưởng (nếu c&oacute;) đối với &ocirc;ng Trịnh Xu&acirc;n Thanh; Hu&acirc;n chương, Huy chương v&agrave; tiền thưởng (nếu c&oacute;) đối với Tổng C&ocirc;ng ty Cổ phần X&acirc;y lắp dầu kh&iacute; Việt Nam v&agrave; &ocirc;ng Trịnh Xu&acirc;n Thanh sau khi c&oacute; quyết định của Chủ tịch nước về việc thu hồi Hu&acirc;n chương v&agrave; danh hiệu Anh h&ugrave;ng lao động.</p>\r\n\r\n<p>Hiện vật khen thưởng được gửi về Ban Thi đua - Khen thưởng Trung ương; tiền thưởng (nếu c&oacute;) nộp về quỹ thi đua, khen thưởng của đơn vị chi tiền thưởng cho tập thể v&agrave; c&aacute; nh&acirc;n n&ecirc;u tr&ecirc;n.</p>', 'PYhB_46993844-nature-pic.jpg', 1, 0, 22, '2017-10-24 18:14:51', '2017-04-23 09:58:34'),
(10, 'Xe chở người sơ tán ở Syria bị đánh bom, 100 người chết', 'xe-cho-nguoi-so-tan-o-syria-bi-danh-bom-100-nguoi-chet', 'Khoảng 100 người đã thiệt mạng sau khi một xe bom bất ngờ phát nổ tại khu vực tập trung các xe chở người sơ tán ở phía tây thành phố Aleppo, Syria hôm 15/4.', '<p>Ngo&agrave;i 100 người thiệt mạng, vụ đ&aacute;nh bom nhằm v&agrave;o c&aacute;c xe chở người sơ t&aacute;n c&ograve;n khiến 55 người kh&aacute;c bị thương tại Rashidin, khu vực ngoại &ocirc; th&agrave;nh phố Aleppo ở ph&iacute;a t&acirc;y Syria h&ocirc;m 15/4, theo&nbsp;<em>CBS</em>. Một nh&acirc;n chứng c&oacute; mặt tại hiện trường cho biết trong số những người thiệt mạng c&oacute; nhiều phụ nữ v&agrave; trẻ em.</p>\r\n\r\n<div class=\"VCSortableInPreviewMode\" style=\"margin-bottom: 13px; padding: 0px; border: 0px; outline: none 0px; max-width: 100%; background-color: rgb(238, 238, 238); font-family: tahoma; color: rgb(71, 71, 71); margin-top: 0px !important; margin-right: auto !important; margin-left: auto !important;\">\r\n<div style=\"margin: 0px auto; padding: 0px; border: 0px; outline: none 0px; max-width: 100%;\"><img alt=\"Khói đen bốc lên nghi ngút từ khu vực bị đánh bom (Ảnh: Reuters)\" id=\"img_87934\" src=\"https://dantricdn.com/thumb_w/640/2017/syria-1-1492302419807.jpg\" style=\"background-color:rgb(221, 221, 221); border:0px; display:inline; margin:0px auto; max-width:100%; outline:none 0px; padding:0px; vertical-align:bottom; width:640px\" /></div>\r\n\r\n<div class=\"PhotoCMS_Caption\" style=\"margin: 0px auto; padding: 5px; border: 0px; outline: none 0px; max-width: 100%; text-align: center;\">Kh&oacute;i đen bốc l&ecirc;n nghi ng&uacute;t từ khu vực bị đ&aacute;nh bom (Ảnh: Reuters)</div>\r\n</div>\r\n\r\n<p>&nbsp;</p>\r\n\r\n<div class=\"VCSortableInPreviewMode\" style=\"margin-bottom: 13px; padding: 0px; border: 0px; outline: none 0px; max-width: 100%; background-color: rgb(238, 238, 238); font-family: tahoma; color: rgb(71, 71, 71); margin-top: 0px !important; margin-right: auto !important; margin-left: auto !important;\">\r\n<div style=\"margin: 0px auto; padding: 0px; border: 0px; outline: none 0px; max-width: 100%;\"><img alt=\"Nhiều xe buýt bị thiêu rụi trên đường (Ảnh: Reuters)\" id=\"img_87935\" src=\"https://dantricdn.com/thumb_w/640/2017/syria-3-1492302450272.jpg\" style=\"background-color:rgb(221, 221, 221); border:0px; display:inline; margin:0px auto; max-width:100%; outline:none 0px; padding:0px; vertical-align:bottom; width:640px\" /></div>\r\n\r\n<div class=\"PhotoCMS_Caption\" style=\"margin: 0px auto; padding: 5px; border: 0px; outline: none 0px; max-width: 100%; text-align: center;\">Nhiều xe bu&yacute;t bị thi&ecirc;u rụi tr&ecirc;n đường (Ảnh: Reuters)</div>\r\n</div>\r\n\r\n<p>&nbsp;</p>\r\n\r\n<div class=\"VCSortableInPreviewMode\" style=\"margin-bottom: 13px; padding: 0px; border: 0px; outline: none 0px; max-width: 100%; background-color: rgb(238, 238, 238); font-family: tahoma; color: rgb(71, 71, 71); width: 620px; margin-top: 0px !important; margin-right: auto !important; margin-left: auto !important;\">\r\n<div style=\"margin: 0px auto; padding: 0px; border: 0px; outline: none 0px; max-width: 100%;\"><img alt=\"Hiện trường vụ đánh bom. (Ảnh: EPA)\" id=\"img_87936\" src=\"https://dantricdn.com/2017/syria-a-1-1492303609046.jpg\" style=\"background-color:rgb(221, 221, 221); border:0px; display:inline; margin:0px auto; max-width:100%; outline:none 0px; padding:0px; vertical-align:bottom; width:620px\" /></div>\r\n\r\n<div class=\"PhotoCMS_Caption\" style=\"margin: 0px auto; padding: 5px; border: 0px; outline: none 0px; max-width: 100%; text-align: center;\">Hiện trường vụ đ&aacute;nh bom. (Ảnh: EPA)</div>\r\n</div>\r\n\r\n<p>Truyền th&ocirc;ng địa phương đưa tin, một chiếc xe chở bom đ&atilde; được k&iacute;ch nổ gần đo&agrave;n xe bu&yacute;t chở h&agrave;ng ngh&igrave;n người d&acirc;n đi sơ t&aacute;n từ hai ng&ocirc;i l&agrave;ng Al-Fu&#39;ah and Kafriya theo thỏa thuận trao đổi giữa qu&acirc;n đội ch&iacute;nh quyền Syria v&agrave; c&aacute;c nh&oacute;m phiến qu&acirc;n. V&agrave;o thời điểm vụ nổ bom xảy ra, c&aacute;c xe bu&yacute;t đang tạm đỗ lại.</p>\r\n\r\n<div>&nbsp;</div>\r\n\r\n<div class=\"VCSortableInPreviewMode\" style=\"margin-bottom: 13px; padding: 0px; border: 0px; outline: none 0px; max-width: 100%; background-color: rgb(238, 238, 238); font-family: tahoma; color: rgb(71, 71, 71); margin-top: 0px !important; margin-right: auto !important; margin-left: auto !important;\">&nbsp;</div>', 's0Nx_47146628-nature-pic.jpg', 1, 0, 22, '2017-10-18 09:36:14', '2017-04-23 09:58:16'),
(11, 'Người con trai ôm bánh xe tải khóc mẹ bị cuốn vào gầm xe, tử vong', 'nguoi-con-trai-om-banh-xe-tai-khoc-me-bi-cuon-vao-gam-xe-tu-vong', 'Bà Thuỷ điều khiển xe đạp điện, đang lưu thông trên quốc lộ 1A thì bất ngờ va chạm với xe chở xi măng của Tập đoàn xi măng Thevisai. Hậu quả, bà Thuỷ bị xe chở xe xi măng cuốn vào gầm và tử vong tại chỗ.', '<div class=\"VCSortableInPreviewMode\" style=\"margin-bottom: 13px; padding: 0px; border: 0px; outline: none 0px; max-width: 100%; background-color: rgb(238, 238, 238); font-family: tahoma; color: rgb(71, 71, 71); margin-top: 0px !important; margin-right: auto !important; margin-left: auto !important;\">\r\n<div style=\"margin: 0px auto; padding: 0px; border: 0px; outline: none 0px; max-width: 100%;\"><img alt=\"Xe của Tập đoàn xi măng Thevisai gây tai nạn chết người.\" id=\"img_88011\" src=\"https://dantricdn.com/thumb_w/640/2017/1-1-1492276130113.jpg\" style=\"background-color:rgb(221, 221, 221); border:0px; display:inline; margin:0px auto; max-width:100%; outline:none 0px; padding:0px; vertical-align:bottom; width:650px\" /></div>\r\n\r\n<div class=\"PhotoCMS_Caption\" style=\"margin: 0px auto; padding: 5px; border: 0px; outline: none 0px; max-width: 100%; text-align: center;\">Xe của Tập đo&agrave;n xi măng Thevisai g&acirc;y tai nạn chết người.</div>\r\n</div>\r\n\r\n<p>&nbsp;</p>\r\n\r\n<p>Chiều tối 15/4, &ocirc;ng Phan Đức Điểm - Chủ tịch UBND phường Quỳnh Thiện, TX Ho&agrave;ng Mai (Nghệ An) x&aacute;c nhận với PV D&acirc;n tr&iacute; về vụ việc n&oacute;i tr&ecirc;n.</p>\r\n\r\n<p>&ldquo;Vụ tai nạn xảy ra đ&atilde; cướp đi sinh mạng b&agrave; Thuỷ. Hiện gia đ&igrave;nh b&agrave; Thuỷ rất kh&oacute; khăn, chồng đang bị bệnh. Đ&aacute;ng n&oacute;i hơn, đứa con trai lấy vợ sinh được mấy đứa ch&aacute;u th&igrave; vợ cũng bỏ đi. Hiện cả con v&agrave; c&aacute;c ch&aacute;u đang ở với b&agrave; Thuỷ, nay b&agrave; chết đi l&agrave; điều rất đ&aacute;ng buồn&rdquo;, &ocirc;ng Điểm cho biết.</p>\r\n\r\n<p>Được biết, vụ tai nạn xảy ra v&agrave;o buổi s&aacute;ng ng&agrave;y 15/4, tại ng&atilde; tư giao cắt giữa quốc lộ 1A với tỉnh lộ Ho&agrave;ng Mai - Đồng Hồi, thuộc khối T&acirc;n Sơn, phường Quỳnh Thiện, thị x&atilde; Ho&agrave;ng Mai (Nghệ An).</p>\r\n\r\n<p>V&agrave;o thời gian tr&ecirc;n, chiếc xe đầu k&eacute;o mang biển BKS 37C-1936 (chưa r&otilde; danh t&iacute;nh l&aacute;i xe) của Tập đo&agrave;n xi măng Thevisai lưu th&ocirc;ng hướng TX Ho&agrave;ng Mai - Thanh H&oacute;a. Khi đến địa điểm tr&ecirc;n th&igrave; bất ngờ xảy ra va chạm với xe đạp điện do b&agrave; Hồ Thị Thủy (60 tuổi, tr&uacute; tại khối Thịnh Mỹ, phường Quỳnh Thiện, TX Ho&agrave;ng Mai) điều khiển chạy c&ugrave;ng chiều.</p>\r\n\r\n<div class=\"VCSortableInPreviewMode IMSCurrentEditorEditObject\" style=\"margin-bottom: 13px; padding: 0px; border: 0px; outline: none 0px; max-width: 100%; background-color: rgb(238, 238, 238); font-family: tahoma; color: rgb(71, 71, 71); margin-top: 0px !important; margin-right: auto !important; margin-left: auto !important;\">\r\n<div style=\"margin: 0px auto; padding: 0px; border: 0px; outline: none 0px; max-width: 100%;\"><img alt=\"Chiếc xe đạp điện bà Thuỷ bị đâm gãy nát và con trai bà Thuỷ đang ôm bánh xe tải khóc lóc thương mẹ.\" id=\"img_88012\" src=\"https://dantricdn.com/thumb_w/640/2017/3-1492276130111.jpg\" style=\"background-color:rgb(221, 221, 221); border:0px; display:inline; margin:0px auto; max-width:100%; outline:none 0px; padding:0px; vertical-align:bottom; width:650px\" /></div>\r\n\r\n<div class=\"PhotoCMS_Caption\" style=\"margin: 0px auto; padding: 5px; border: 0px; outline: none 0px; max-width: 100%; text-align: center;\">Chiếc xe đạp điện b&agrave; Thuỷ bị đ&acirc;m g&atilde;y n&aacute;t v&agrave; con trai b&agrave; Thuỷ đang &ocirc;m b&aacute;nh xe tải kh&oacute;c l&oacute;c thương mẹ.</div>\r\n</div>\r\n\r\n<p>&nbsp;</p>\r\n\r\n<p>Vụ va chạm đ&atilde; cuốn xe điện v&agrave; người b&agrave; Thuỷ v&agrave;o gầm xe đầu k&eacute;o. Xe đầu k&eacute;o đ&atilde; c&aacute;n qua người b&agrave; Thủy khiến b&agrave; chết tại chỗ, xe đạp điện vỡ vụn.</p>\r\n\r\n<p>Vụ tai nạn xảy ra ngay ng&atilde; tư giao nhau giữa quốc lộ 1A với đường tỉnh lộ v&agrave;o giờ cao điểm n&ecirc;n đ&atilde; g&acirc;y &aacute;ch tắc giao th&ocirc;ng cục bộ. Nhận được tin b&aacute;o, lực lượng chức năng nhanh ch&oacute;ng c&oacute; mặt để tiếp nhận hiện trường v&agrave; ph&acirc;n luồng điều tiết giao th&ocirc;ng.</p>\r\n\r\n<p>Hiện nguy&ecirc;n nh&acirc;n của vụ tai nạn đang được CATX Ho&agrave;ng Mai tiếp tục điều tra l&agrave;m r&otilde;.</p>', 'P36w_46993844-nature-pic.jpg', 1, 30, 1, '2017-10-11 09:39:58', '2017-04-23 09:57:18');
INSERT INTO `tintuc` (`id`, `TieuDe`, `TieuDeKhongDau`, `TomTat`, `NoiDung`, `Hinh`, `NoiBat`, `SoLuotXem`, `idLoaiTin`, `created_at`, `updated_at`) VALUES
(12, 'Những tập tục đón tết \"khó đỡ\" nhất trên thế giới', 'nhung-tap-tuc-don-tet-kho-do-nhat-tren-the-gioi', 'Coca-Cola trải qua hơn 100 năm lịch sử ngày hôm nay đã được tiêu thụ gần như trên tất cả các quốc gia và vùng lãnh thổ trên thế giới. Cùng xem qua 19 điều có thể bạn chưa biết về thương hiệu Coca-Cola nhé!', '<ul>\r\n	<li>\r\n	<div class=\"stepContent\" style=\"box-sizing: border-box; margin: 0px 0px 0px 45px; padding: 0px; border: 0px; font-style: inherit; font-variant: inherit; font-weight: inherit; font-stretch: inherit; font-size: inherit; line-height: inherit; font-family: inherit; vertical-align: baseline;\">\r\n	<p>Ch&iacute;nh v&igrave; thế, mỗi khi b&aacute;t đũa trong gia đ&igrave;nh m&igrave;nh kh&ocirc;ng sử dụng được nữa người Đan Mạch thường cất gọn lại 1 chỗ để ng&agrave;y tết n&eacute;m v&agrave;o cửa nh&agrave; h&agrave;ng x&oacute;m hay người th&acirc;n cho vỡ vụn. V&agrave; theo quan niệm của người d&acirc;n Đan Mạch th&igrave; nh&agrave; n&agrave;o c&oacute; nhiều b&aacute;t đũa vỡ trước cửa nh&agrave; nhiều nhất th&igrave; nh&agrave; đ&oacute; được nhiều người k&iacute;nh trọng v&agrave; may mắn.</p>\r\n	</div>\r\n	</li>\r\n</ul>\r\n\r\n<ul>\r\n	<li>\r\n	<div class=\"stepNumber\" style=\"box-sizing: border-box; margin: 0px; padding: 0px; border: 0px; font-style: inherit; font-variant: inherit; font-weight: 700; font-stretch: inherit; font-size: inherit; line-height: 30px; font-family: inherit; vertical-align: baseline; float: left; width: 30px; height: 30px; text-align: center; color: rgb(255, 255, 255); background: url(\">2</div>\r\n\r\n	<div class=\"stepContent\" style=\"box-sizing: border-box; margin: 0px 0px 0px 45px; padding: 0px; border: 0px; font-style: inherit; font-variant: inherit; font-weight: inherit; font-stretch: inherit; font-size: inherit; line-height: inherit; font-family: inherit; vertical-align: baseline;\">\r\n	<p><strong>Đ&oacute;n giao thừa tại nghĩa địa</strong></p>\r\n\r\n	<div class=\"VCSortableInPreviewMode noformat\" style=\"box-sizing: border-box; margin: 0px; padding: 0px; border: 0px; font-style: inherit; font-variant: inherit; font-weight: inherit; font-stretch: inherit; font-size: inherit; line-height: inherit; font-family: inherit; vertical-align: baseline;\">\r\n	<div style=\"box-sizing: border-box; margin: 0px; padding: 0px; border: 0px; font-style: inherit; font-variant: inherit; font-weight: inherit; font-stretch: inherit; font-size: inherit; line-height: inherit; font-family: inherit; vertical-align: baseline;\"><img alt=\"Những tập tục đón tết \" id=\"img_29438\" src=\"https://media.lamsao.com//Resources/Data/News/Auto/trangbh/201302/d6c7afe39a2f217426dfd1afbd389a46.jpg\" title=\"\" /></div>\r\n	</div>\r\n\r\n	<p>V&agrave;o thời khắc giao thừa, những người d&acirc;n ở th&agrave;nh phố Talca của Chile sẽ tới nghĩa địa v&agrave; đ&oacute;n giao thừa tại đ&acirc;y. Theo quan niệm của những người d&acirc;n Chile th&igrave; h&agrave;nh động n&agrave;y gi&uacute;p họ tới thăm những người th&acirc;n của m&igrave;nh đ&atilde; mất v&agrave; c&oacute; thể gột rửa những lỗi lầm trong năm cũ.</p>\r\n	</div>\r\n	</li>\r\n</ul>\r\n\r\n<ul>\r\n	<li>\r\n	<div class=\"stepNumber\" style=\"box-sizing: border-box; margin: 0px; padding: 0px; border: 0px; font-style: inherit; font-variant: inherit; font-weight: 700; font-stretch: inherit; font-size: inherit; line-height: 30px; font-family: inherit; vertical-align: baseline; float: left; width: 30px; height: 30px; text-align: center; color: rgb(255, 255, 255); background: url(\">3</div>\r\n\r\n	<div class=\"stepContent\" style=\"box-sizing: border-box; margin: 0px 0px 0px 45px; padding: 0px; border: 0px; font-style: inherit; font-variant: inherit; font-weight: inherit; font-stretch: inherit; font-size: inherit; line-height: inherit; font-family: inherit; vertical-align: baseline;\">\r\n	<p><strong>Đốt ảnh cũ v&agrave;o dịp cuối năm</strong></p>\r\n\r\n	<div class=\"VCSortableInPreviewMode\" style=\"box-sizing: border-box; margin: 0px; padding: 0px; border: 0px; font-style: inherit; font-variant: inherit; font-weight: inherit; font-stretch: inherit; font-size: inherit; line-height: inherit; font-family: inherit; vertical-align: baseline;\">\r\n	<div style=\"box-sizing: border-box; margin: 0px; padding: 0px; border: 0px; font-style: inherit; font-variant: inherit; font-weight: inherit; font-stretch: inherit; font-size: inherit; line-height: inherit; font-family: inherit; vertical-align: baseline;\"><img alt=\"Những tập tục đón tết \" id=\"img_29454\" src=\"https://media.lamsao.com//Resources/Data/News/Auto/trangbh/201302/9e291319a4a02937aed657dfe3384caf.jpg\" title=\"\" /></div>\r\n	</div>\r\n\r\n	<p>Theo tập tục của người Ecuador th&igrave; đốt ảnh cũ sẽ gi&uacute;p họ x&oacute;a hết những buồn phiền của năm cũ. Đồng thời những điều kh&ocirc;ng may mắn của năm cũ cũng theo t&agrave;n tro của những bức ảnh m&agrave; tan biến đi.</p>\r\n\r\n	<p>Ch&iacute;nh v&igrave; thế, trong cả năm người Ecuador thường cất đi những bức ảnh đ&aacute;nh dấu những sự kiện kh&ocirc;ng may mắn, kh&ocirc;ng vui vẻ của năm để d&agrave;nh cho ng&agrave;y cuối c&ugrave;ng của năm.</p>\r\n	</div>\r\n	</li>\r\n</ul>\r\n\r\n<ul>\r\n	<li>\r\n	<div class=\"stepNumber\" style=\"box-sizing: border-box; margin: 0px; padding: 0px; border: 0px; font-style: inherit; font-variant: inherit; font-weight: 700; font-stretch: inherit; font-size: inherit; line-height: 30px; font-family: inherit; vertical-align: baseline; float: left; width: 30px; height: 30px; text-align: center; color: rgb(255, 255, 255); background: url(\">4</div>\r\n\r\n	<div class=\"stepContent\" style=\"box-sizing: border-box; margin: 0px 0px 0px 45px; padding: 0px; border: 0px; font-style: inherit; font-variant: inherit; font-weight: inherit; font-stretch: inherit; font-size: inherit; line-height: inherit; font-family: inherit; vertical-align: baseline;\">\r\n	<p><strong>Mặc đồ l&oacute;t rực rỡ</strong></p>\r\n\r\n	<div class=\"VCSortableInPreviewMode\" style=\"box-sizing: border-box; margin: 0px; padding: 0px; border: 0px; font-style: inherit; font-variant: inherit; font-weight: inherit; font-stretch: inherit; font-size: inherit; line-height: inherit; font-family: inherit; vertical-align: baseline;\">\r\n	<div style=\"box-sizing: border-box; margin: 0px; padding: 0px; border: 0px; font-style: inherit; font-variant: inherit; font-weight: inherit; font-stretch: inherit; font-size: inherit; line-height: inherit; font-family: inherit; vertical-align: baseline;\"><img alt=\"Những tập tục đón tết \" id=\"img_29456\" src=\"https://media.lamsao.com//Resources/Data/News/Auto/trangbh/201302/5e196e011868711ea1f8ecab28a02f80.jpg\" title=\"\" /></div>\r\n	</div>\r\n\r\n	<p>Trong quan niệm của người d&acirc;n th&agrave;nh phố Sao Paulo th&igrave; trong đ&ecirc;m giao thừa sau khi tắm tất nhi&ecirc;n m&agrave; mặc những bộ đồ l&oacute;t rực rỡ sẽ c&oacute; 1 năm mới hạnh ph&uacute;c. Họ tin tưởng rằng những bộ đồ l&oacute;t rực rỡ sẽ gi&uacute;p họ c&oacute; 1 năm tr&agrave;n ngập những điều vui tươi.</p>\r\n\r\n	<p>Ch&iacute;nh v&igrave; thế, những người d&acirc;n Sao Paulo rất hay mua đồ l&oacute;t mới v&agrave;o dịp cuối năm v&agrave; đặc biệt l&agrave; những bộ đồ m&agrave;u sắc rực rỡ.</p>\r\n	</div>\r\n	</li>\r\n</ul>\r\n\r\n<ul>\r\n	<li>\r\n	<div class=\"stepNumber\" style=\"box-sizing: border-box; margin: 0px; padding: 0px; border: 0px; font-style: inherit; font-variant: inherit; font-weight: 700; font-stretch: inherit; font-size: inherit; line-height: 30px; font-family: inherit; vertical-align: baseline; float: left; width: 30px; height: 30px; text-align: center; color: rgb(255, 255, 255); background: url(\">5</div>\r\n\r\n	<div class=\"stepContent\" style=\"box-sizing: border-box; margin: 0px 0px 0px 45px; padding: 0px; border: 0px; font-style: inherit; font-variant: inherit; font-weight: inherit; font-stretch: inherit; font-size: inherit; line-height: inherit; font-family: inherit; vertical-align: baseline;\">\r\n	<p><strong>N&eacute;m t&uacute;i nước ra ngo&agrave;i đường</strong></p>\r\n\r\n	<div class=\"VCSortableInPreviewMode\" style=\"box-sizing: border-box; margin: 0px; padding: 0px; border: 0px; font-style: inherit; font-variant: inherit; font-weight: inherit; font-stretch: inherit; font-size: inherit; line-height: inherit; font-family: inherit; vertical-align: baseline;\">\r\n	<div style=\"box-sizing: border-box; margin: 0px; padding: 0px; border: 0px; font-style: inherit; font-variant: inherit; font-weight: inherit; font-stretch: inherit; font-size: inherit; line-height: inherit; font-family: inherit; vertical-align: baseline;\"><img alt=\"Những tập tục đón tết \" id=\"img_29460\" src=\"https://media.lamsao.com//Resources/Data/News/Auto/trangbh/201302/feb80a6fda4609eb745b0b7ae1b63651.jpg\" title=\"\" /></div>\r\n	</div>\r\n\r\n	<p>Hằng năm cứ đến ng&agrave;y cuối năm những người d&acirc;n Puerto Rico c&oacute; tục lệ n&eacute;m những t&uacute;i nước ra ngo&agrave;i đường. Theo quan niệm của người d&acirc;n Puerto Rico th&igrave; h&agrave;nh động n&agrave;y gi&uacute;p họ c&oacute; thể n&eacute;m đi xui xẻo của năm cũ. Kh&ocirc;ng những thế, những t&uacute;i nước n&agrave;y thường được n&eacute;m qua cửa sổ để đ&oacute;n những may mắn, những điều tốt đẹp v&agrave;o nh&agrave; bằng cửa ch&iacute;nh. Trong ng&agrave;y cuối c&ugrave;ng của năm n&agrave;y họ cũng sẽ lau dọn nh&agrave; để đ&oacute;n năm mới v&agrave; tiễn năm cũ.</p>\r\n	</div>\r\n	</li>\r\n</ul>', 'WnpH_media-10.jpg', 1, 0, 20, '2017-04-17 19:13:40', '2017-04-24 06:23:48'),
(13, '19 điều có thể bạn chưa biết về thương hiệu Coca-Cola', '19-dieu-co-the-ban-chua-biet-ve-thuong-hieu-coca-cola', 'Coca-Cola trải qua hơn 100 năm lịch sử ngày hôm nay đã được tiêu thụ gần như trên tất cả các quốc gia và vùng lãnh thổ trên thế giới. Cùng xem qua 19 điều có thể bạn chưa biết về thương hiệu Coca-Cola nhé!', '<ul>\r\n	<li>\r\n	<div class=\"stepContent\" style=\"box-sizing: border-box; margin: 0px 0px 0px 45px; padding: 0px; border: 0px; font-style: inherit; font-variant: inherit; font-weight: inherit; font-stretch: inherit; font-size: inherit; line-height: inherit; font-family: inherit; vertical-align: baseline;\">\r\n	<p>Coca-Cola chỉ b&aacute;n được duy nhất c&oacute; 25 chai v&agrave;o năm đầu ti&ecirc;n nhưng sau đ&oacute; số lượng đ&atilde; tăng l&ecirc;n kh&ocirc;ng tưởng&hellip; Đ&acirc;y l&agrave; một b&agrave;i học ho&agrave;n hảo cho mọi người: Đừng bao giờ từ bỏ con đường để thực hiện giấc mơ.&nbsp;</p>\r\n	</div>\r\n	</li>\r\n</ul>\r\n\r\n<ul>\r\n	<li>\r\n	<div class=\"stepNumber\" style=\"box-sizing: border-box; margin: 0px; padding: 0px; border: 0px; font-style: inherit; font-variant: inherit; font-weight: 700; font-stretch: inherit; font-size: inherit; line-height: 30px; font-family: inherit; vertical-align: baseline; float: left; width: 30px; height: 30px; text-align: center; color: rgb(255, 255, 255); background: url(\">2</div>\r\n\r\n	<div class=\"stepContent\" style=\"box-sizing: border-box; margin: 0px 0px 0px 45px; padding: 0px; border: 0px; font-style: inherit; font-variant: inherit; font-weight: inherit; font-stretch: inherit; font-size: inherit; line-height: inherit; font-family: inherit; vertical-align: baseline;\">\r\n	<p>M&agrave;u của Coca-Cola thực chất kh&ocirc;ng phải l&agrave; m&agrave;u đỏ duy nhất m&agrave; n&oacute; l&agrave; m&agrave;u đỏ đặc biệt m&agrave; c&ocirc;ng ty n&agrave;y đ&atilde; phải tốn rất nhiều tiền của để tạo ra c&ocirc;ng thức m&agrave;u đỏ huyền thoại n&agrave;y.</p>\r\n	</div>\r\n	</li>\r\n</ul>\r\n\r\n<ul>\r\n	<li>\r\n	<div class=\"stepNumber\" style=\"box-sizing: border-box; margin: 0px; padding: 0px; border: 0px; font-style: inherit; font-variant: inherit; font-weight: 700; font-stretch: inherit; font-size: inherit; line-height: 30px; font-family: inherit; vertical-align: baseline; float: left; width: 30px; height: 30px; text-align: center; color: rgb(255, 255, 255); background: url(\">3</div>\r\n\r\n	<div class=\"stepContent\" style=\"box-sizing: border-box; margin: 0px 0px 0px 45px; padding: 0px; border: 0px; font-style: inherit; font-variant: inherit; font-weight: inherit; font-stretch: inherit; font-size: inherit; line-height: inherit; font-family: inherit; vertical-align: baseline;\">\r\n	<p>Chỉ duy nhất hai người vẫn c&ograve;n sống biết về c&ocirc;ng thức gia truyền của Coca-Cola cho n&ecirc;n họ kh&ocirc;ng bao giờ được ph&eacute;p đi c&ugrave;ng tr&ecirc;n một chuyến bay để để ph&ograve;ng trường hợp m&aacute;y bay rơi.</p>\r\n\r\n	<p>&nbsp;</p>\r\n\r\n	<div class=\"stepContent\" style=\"box-sizing: border-box; margin: 0px 0px 0px 45px; padding: 0px; border: 0px; font-style: inherit; font-variant: inherit; font-weight: inherit; font-stretch: inherit; font-size: inherit; line-height: inherit; font-family: inherit; vertical-align: baseline;\">\r\n	<p>Vị Coca-cola ở Mỹ kh&aacute;c ho&agrave;n to&agrave;n so với c&aacute;c nước kh&aacute;c tr&ecirc;n thế giới.</p>\r\n\r\n	<p><img alt=\"19 điều có thể bạn chưa biết về thương hiệu Coca-Cola - 1\" src=\"https://media.lamsao.com//Data//huyenlp/02032015/19_dieu_co_the_ban_chua_biet_ve_thuong_hieu_coca_cola_2.jpg\" style=\"border:0px; box-sizing:border-box; display:block; font-family:inherit; font-size:inherit; font-stretch:inherit; font-style:inherit; font-variant:inherit; font-weight:inherit; line-height:inherit; margin:0px auto; max-width:100%; padding:0px; vertical-align:middle\" /></p>\r\n	</div>\r\n\r\n	<div class=\"stepNumber\" style=\"box-sizing: border-box; margin: 0px; padding: 0px; border: 0px; font-style: inherit; font-variant: inherit; font-weight: 700; font-stretch: inherit; font-size: inherit; line-height: 30px; font-family: inherit; vertical-align: baseline; float: left; width: 30px; height: 30px; text-align: center; color: rgb(255, 255, 255); background: url(\">5</div>\r\n\r\n	<div class=\"stepContent\" style=\"box-sizing: border-box; margin: 0px 0px 0px 45px; padding: 0px; border: 0px; font-style: inherit; font-variant: inherit; font-weight: inherit; font-stretch: inherit; font-size: inherit; line-height: inherit; font-family: inherit; vertical-align: baseline;\">\r\n	<p>Năm 2010, gi&aacute; của một chai Coca-Cola được sản xuất v&agrave;o năm 1920 c&oacute; trị gi&aacute; 6,7 triệu đ&ocirc; la Mỹ.</p>\r\n\r\n	<p><img alt=\"19 điều có thể bạn chưa biết về thương hiệu Coca-Cola - 2\" src=\"https://media.lamsao.com//Data//huyenlp/02032015/19_dieu_co_the_ban_chua_biet_ve_thuong_hieu_coca_cola_3.jpg\" style=\"border:0px; box-sizing:border-box; display:block; font-family:inherit; font-size:inherit; font-stretch:inherit; font-style:inherit; font-variant:inherit; font-weight:inherit; line-height:inherit; margin:0px auto; max-width:100%; padding:0px; vertical-align:middle\" /></p>\r\n	</div>\r\n\r\n	<div class=\"stepNumber\" style=\"box-sizing: border-box; margin: 0px; padding: 0px; border: 0px; font-style: inherit; font-variant: inherit; font-weight: 700; font-stretch: inherit; font-size: inherit; line-height: 30px; font-family: inherit; vertical-align: baseline; float: left; width: 30px; height: 30px; text-align: center; color: rgb(255, 255, 255); background: url(\">6</div>\r\n\r\n	<div class=\"stepContent\" style=\"box-sizing: border-box; margin: 0px 0px 0px 45px; padding: 0px; border: 0px; font-style: inherit; font-variant: inherit; font-weight: inherit; font-stretch: inherit; font-size: inherit; line-height: inherit; font-family: inherit; vertical-align: baseline;\">\r\n	<p>Coca-Cola c&oacute; thể gi&uacute;p bạn l&agrave;m sạch những vết gỉ tr&ecirc;n đồ vật. Chỉ cần ng&acirc;m ch&uacute;ng trong nước Coca-cola từ 8-10 giờ đồng hồ. Thậm ch&iacute; bạn c&ograve;n c&oacute; thể&nbsp;<a href=\"https://www.lamsao.com/cach-tay-rua-toilet-bang-coca-cola-p214a78218.html\" style=\"box-sizing: border-box; margin: 0px; padding: 0px; border: 0px; font-style: inherit; font-variant: inherit; font-weight: inherit; font-stretch: inherit; font-size: inherit; line-height: inherit; font-family: inherit; vertical-align: baseline; background-color: transparent; color: rgb(44, 169, 225); text-decoration: none;\" target=\"_blank\">tẩy rửa toilet bằng Coca-Cola</a>.</p>\r\n\r\n	<p><img alt=\"19 điều có thể bạn chưa biết về thương hiệu Coca-Cola - 3\" src=\"https://media.lamsao.com//Data//huyenlp/02032015/19_dieu_co_the_ban_chua_biet_ve_thuong_hieu_coca_cola_4(1).jpg\" style=\"border:0px; box-sizing:border-box; display:block; font-family:inherit; font-size:inherit; font-stretch:inherit; font-style:inherit; font-variant:inherit; font-weight:inherit; line-height:inherit; margin:0px auto; max-width:100%; padding:0px; vertical-align:middle\" /></p>\r\n	</div>\r\n\r\n	<div class=\"stepNumber\" style=\"box-sizing: border-box; margin: 0px; padding: 0px; border: 0px; font-style: inherit; font-variant: inherit; font-weight: 700; font-stretch: inherit; font-size: inherit; line-height: 30px; font-family: inherit; vertical-align: baseline; float: left; width: 30px; height: 30px; text-align: center; color: rgb(255, 255, 255); background: url(\">7</div>\r\n\r\n	<div class=\"stepContent\" style=\"box-sizing: border-box; margin: 0px 0px 0px 45px; padding: 0px; border: 0px; font-style: inherit; font-variant: inherit; font-weight: inherit; font-stretch: inherit; font-size: inherit; line-height: inherit; font-family: inherit; vertical-align: baseline;\">\r\n	<p>Chỉ c&oacute; 2 nước duy nhất tr&ecirc;n thế giới kh&ocirc;ng b&aacute;n Coca-Cola l&agrave; Triều Ti&ecirc;n v&agrave; Cuba.</p>\r\n	</div>\r\n\r\n	<div class=\"stepNumber\" style=\"box-sizing: border-box; margin: 0px; padding: 0px; border: 0px; font-style: inherit; font-variant: inherit; font-weight: 700; font-stretch: inherit; font-size: inherit; line-height: 30px; font-family: inherit; vertical-align: baseline; float: left; width: 30px; height: 30px; text-align: center; color: rgb(255, 255, 255); background: url(\">8</div>\r\n\r\n	<div class=\"stepContent\" style=\"box-sizing: border-box; margin: 0px 0px 0px 45px; padding: 0px; border: 0px; font-style: inherit; font-variant: inherit; font-weight: inherit; font-stretch: inherit; font-size: inherit; line-height: inherit; font-family: inherit; vertical-align: baseline;\">\r\n	<p>Coca Cola sản xuất rất nhiều sản phẩm kh&aacute;c nhau v&agrave; bạn c&oacute; thể phải mất 9 năm mới c&oacute; thể thử hết ch&uacute;ng.</p>\r\n	</div>\r\n\r\n	<div class=\"stepNumber\" style=\"box-sizing: border-box; margin: 0px; padding: 0px; border: 0px; font-style: inherit; font-variant: inherit; font-weight: 700; font-stretch: inherit; font-size: inherit; line-height: 30px; font-family: inherit; vertical-align: baseline; float: left; width: 30px; height: 30px; text-align: center; color: rgb(255, 255, 255); background: url(\">9</div>\r\n\r\n	<div class=\"stepContent\" style=\"box-sizing: border-box; margin: 0px 0px 0px 45px; padding: 0px; border: 0px; font-style: inherit; font-variant: inherit; font-weight: inherit; font-stretch: inherit; font-size: inherit; line-height: inherit; font-family: inherit; vertical-align: baseline;\">\r\n	<p>Coca Cola l&agrave; một loại &quot;thuốc&quot; đặc trị rất tốt đối với c&aacute;c vết đốt từ con sứa hay vết muỗi cắn.</p>\r\n	</div>\r\n\r\n	<div class=\"stepNumber\" style=\"box-sizing: border-box; margin: 0px; padding: 0px; border: 0px; font-style: inherit; font-variant: inherit; font-weight: 700; font-stretch: inherit; font-size: inherit; line-height: 30px; font-family: inherit; vertical-align: baseline; float: left; width: 30px; height: 30px; text-align: center; color: rgb(255, 255, 255); background: url(\">10</div>\r\n\r\n	<div class=\"stepContent\" style=\"box-sizing: border-box; margin: 0px 0px 0px 45px; padding: 0px; border: 0px; font-style: inherit; font-variant: inherit; font-weight: inherit; font-stretch: inherit; font-size: inherit; line-height: inherit; font-family: inherit; vertical-align: baseline;\">\r\n	<p>Coca Cola sẽ c&oacute; m&agrave;u xanh nếu như kh&ocirc;ng sử dụng phẩm m&agrave;u.</p>\r\n\r\n	<p><img alt=\"19 điều có thể bạn chưa biết về thương hiệu Coca-Cola - 4\" src=\"https://media.lamsao.com//Data//huyenlp/02032015/19_dieu_co_the_ban_chua_biet_ve_thuong_hieu_coca_cola_5.jpg\" style=\"border:0px; box-sizing:border-box; display:block; font-family:inherit; font-size:inherit; font-stretch:inherit; font-style:inherit; font-variant:inherit; font-weight:inherit; line-height:inherit; margin:0px auto; max-width:100%; padding:0px; vertical-align:middle\" /></p>\r\n	</div>\r\n\r\n	<div class=\"stepNumber\" style=\"box-sizing: border-box; margin: 0px; padding: 0px; border: 0px; font-style: inherit; font-variant: inherit; font-weight: 700; font-stretch: inherit; font-size: inherit; line-height: 30px; font-family: inherit; vertical-align: baseline; float: left; width: 30px; height: 30px; text-align: center; color: rgb(255, 255, 255); background: url(\">11</div>\r\n\r\n	<div class=\"stepContent\" style=\"box-sizing: border-box; margin: 0px 0px 0px 45px; padding: 0px; border: 0px; font-style: inherit; font-variant: inherit; font-weight: inherit; font-stretch: inherit; font-size: inherit; line-height: inherit; font-family: inherit; vertical-align: baseline;\">\r\n	<p>Coca Cola được coi như phương ph&aacute;p chữa trị ho&agrave;n hảo cho việc &ldquo;qu&aacute; ch&eacute;n&rdquo;</p>\r\n	</div>\r\n\r\n	<div class=\"stepNumber\" style=\"box-sizing: border-box; margin: 0px; padding: 0px; border: 0px; font-style: inherit; font-variant: inherit; font-weight: 700; font-stretch: inherit; font-size: inherit; line-height: 30px; font-family: inherit; vertical-align: baseline; float: left; width: 30px; height: 30px; text-align: center; color: rgb(255, 255, 255); background: url(\">12</div>\r\n\r\n	<div class=\"stepContent\" style=\"box-sizing: border-box; margin: 0px 0px 0px 45px; padding: 0px; border: 0px; font-style: inherit; font-variant: inherit; font-weight: inherit; font-stretch: inherit; font-size: inherit; line-height: inherit; font-family: inherit; vertical-align: baseline;\">\r\n	<p>Coca-Cola đ&atilde; tạo ra Coke Zero cho đ&agrave;n &ocirc;ng bởi v&igrave; họ kh&ocirc;ng muốn qu&aacute; thi&ecirc;n vị khi c&oacute; Diet Coke d&agrave;nh cho phụ nữ.</p>\r\n\r\n	<p><img alt=\"19 điều có thể bạn chưa biết về thương hiệu Coca-Cola - 5\" src=\"https://media.lamsao.com//Data//huyenlp/02032015/19_dieu_co_the_ban_chua_biet_ve_thuong_hieu_coca_cola_6.jpg\" style=\"border:0px; box-sizing:border-box; display:block; font-family:inherit; font-size:inherit; font-stretch:inherit; font-style:inherit; font-variant:inherit; font-weight:inherit; line-height:inherit; margin:0px auto; max-width:100%; padding:0px; vertical-align:middle\" /></p>\r\n	</div>\r\n\r\n	<div class=\"stepNumber\" style=\"box-sizing: border-box; margin: 0px; padding: 0px; border: 0px; font-style: inherit; font-variant: inherit; font-weight: 700; font-stretch: inherit; font-size: inherit; line-height: 30px; font-family: inherit; vertical-align: baseline; float: left; width: 30px; height: 30px; text-align: center; color: rgb(255, 255, 255); background: url(\">13</div>\r\n\r\n	<div class=\"stepContent\" style=\"box-sizing: border-box; margin: 0px 0px 0px 45px; padding: 0px; border: 0px; font-style: inherit; font-variant: inherit; font-weight: inherit; font-stretch: inherit; font-size: inherit; line-height: inherit; font-family: inherit; vertical-align: baseline;\">\r\n	<p>H&igrave;nh ảnh &ocirc;ng Gi&agrave; Tuyết với bộ r&acirc;u trắng v&agrave; mặc quần &aacute;o m&agrave;u đỏ do ch&iacute;nh Coca Cola tạo ra.</p>\r\n\r\n	<p><img alt=\"19 điều có thể bạn chưa biết về thương hiệu Coca-Cola - 6\" src=\"https://media.lamsao.com//Data//huyenlp/02032015/19_dieu_co_the_ban_chua_biet_ve_thuong_hieu_coca_cola_7(1).jpg\" style=\"border:0px; box-sizing:border-box; display:block; font-family:inherit; font-size:inherit; font-stretch:inherit; font-style:inherit; font-variant:inherit; font-weight:inherit; line-height:inherit; margin:0px auto; max-width:100%; padding:0px; vertical-align:middle\" /></p>\r\n	</div>\r\n\r\n	<div class=\"stepNumber\" style=\"box-sizing: border-box; margin: 0px; padding: 0px; border: 0px; font-style: inherit; font-variant: inherit; font-weight: 700; font-stretch: inherit; font-size: inherit; line-height: 30px; font-family: inherit; vertical-align: baseline; float: left; width: 30px; height: 30px; text-align: center; color: rgb(255, 255, 255); background: url(\">14</div>\r\n\r\n	<div class=\"stepContent\" style=\"box-sizing: border-box; margin: 0px 0px 0px 45px; padding: 0px; border: 0px; font-style: inherit; font-variant: inherit; font-weight: inherit; font-stretch: inherit; font-size: inherit; line-height: inherit; font-family: inherit; vertical-align: baseline;\">\r\n	<p>Đổ một &iacute;t đậu phộng v&agrave;o chai Coca Cola m&aacute;t lạnh th&igrave; bạn sẽ c&oacute; một m&oacute;n ăn nhẹ rất ngon đấy. Thử đi nh&eacute;!</p>\r\n\r\n	<p><img alt=\"19 điều có thể bạn chưa biết về thương hiệu Coca-Cola - 7\" src=\"https://media.lamsao.com//Data//huyenlp/02032015/19_dieu_co_the_ban_chua_biet_ve_thuong_hieu_coca_cola_8.jpg\" style=\"border:0px; box-sizing:border-box; display:block; font-family:inherit; font-size:inherit; font-stretch:inherit; font-style:inherit; font-variant:inherit; font-weight:inherit; line-height:inherit; margin:0px auto; max-width:100%; padding:0px; vertical-align:middle\" /></p>\r\n	</div>\r\n\r\n	<div class=\"stepNumber\" style=\"box-sizing: border-box; margin: 0px; padding: 0px; border: 0px; font-style: inherit; font-variant: inherit; font-weight: 700; font-stretch: inherit; font-size: inherit; line-height: 30px; font-family: inherit; vertical-align: baseline; float: left; width: 30px; height: 30px; text-align: center; color: rgb(255, 255, 255); background: url(\">15</div>\r\n\r\n	<div class=\"stepContent\" style=\"box-sizing: border-box; margin: 0px 0px 0px 45px; padding: 0px; border: 0px; font-style: inherit; font-variant: inherit; font-weight: inherit; font-stretch: inherit; font-size: inherit; line-height: inherit; font-family: inherit; vertical-align: baseline;\">\r\n	<p>Coca Cola c&oacute; thể l&agrave;m tan tuyết. Chỉ cần đổ 1 chai Cola Cola v&agrave;o chỗ đ&oacute;ng băng rồi đợi v&agrave;i ph&uacute;t v&agrave; sau đ&oacute; tuyết tan ra v&agrave; bạn c&oacute; thể dễ d&agrave;ng lau ch&ugrave;i.</p>\r\n\r\n	<p><img alt=\"19 điều có thể bạn chưa biết về thương hiệu Coca-Cola - 8\" src=\"https://media.lamsao.com//Data//huyenlp/02032015/19_dieu_co_the_ban_chua_biet_ve_thuong_hieu_coca_cola_9.jpg\" style=\"border:0px; box-sizing:border-box; display:block; font-family:inherit; font-size:inherit; font-stretch:inherit; font-style:inherit; font-variant:inherit; font-weight:inherit; line-height:inherit; margin:0px auto; max-width:100%; padding:0px; vertical-align:middle\" /></p>\r\n	</div>\r\n\r\n	<div class=\"stepNumber\" style=\"box-sizing: border-box; margin: 0px; padding: 0px; border: 0px; font-style: inherit; font-variant: inherit; font-weight: 700; font-stretch: inherit; font-size: inherit; line-height: 30px; font-family: inherit; vertical-align: baseline; float: left; width: 30px; height: 30px; text-align: center; color: rgb(255, 255, 255); background: url(\">16</div>\r\n\r\n	<div class=\"stepContent\" style=\"box-sizing: border-box; margin: 0px 0px 0px 45px; padding: 0px; border: 0px; font-style: inherit; font-variant: inherit; font-weight: inherit; font-stretch: inherit; font-size: inherit; line-height: inherit; font-family: inherit; vertical-align: baseline;\">\r\n	<p>C&aacute;c sản phẩm của Coca Cola chiếm tới 31% thị trường đồ uống của thế giới.</p>\r\n	</div>\r\n\r\n	<div class=\"stepNumber\" style=\"box-sizing: border-box; margin: 0px; padding: 0px; border: 0px; font-style: inherit; font-variant: inherit; font-weight: 700; font-stretch: inherit; font-size: inherit; line-height: 30px; font-family: inherit; vertical-align: baseline; float: left; width: 30px; height: 30px; text-align: center; color: rgb(255, 255, 255); background: url(\">17</div>\r\n\r\n	<div class=\"stepContent\" style=\"box-sizing: border-box; margin: 0px 0px 0px 45px; padding: 0px; border: 0px; font-style: inherit; font-variant: inherit; font-weight: inherit; font-stretch: inherit; font-size: inherit; line-height: inherit; font-family: inherit; vertical-align: baseline;\">\r\n	<p>V&agrave;o những năm thập ni&ecirc;n 80, quảng c&aacute;o Coca Cola bị cấm do li&ecirc;n quan đến h&agrave;nh động khi&ecirc;u d&acirc;m.</p>\r\n\r\n	<p><img alt=\"19 điều có thể bạn chưa biết về thương hiệu Coca-Cola - 9\" src=\"https://media.lamsao.com//Data//huyenlp/02032015/19_dieu_co_the_ban_chua_biet_ve_thuong_hieu_coca_cola_10.jpg\" style=\"border:0px; box-sizing:border-box; display:block; font-family:inherit; font-size:inherit; font-stretch:inherit; font-style:inherit; font-variant:inherit; font-weight:inherit; line-height:inherit; margin:0px auto; max-width:100%; padding:0px; vertical-align:middle\" /></p>\r\n	</div>\r\n\r\n	<div class=\"stepNumber\" style=\"box-sizing: border-box; margin: 0px; padding: 0px; border: 0px; font-style: inherit; font-variant: inherit; font-weight: 700; font-stretch: inherit; font-size: inherit; line-height: 30px; font-family: inherit; vertical-align: baseline; float: left; width: 30px; height: 30px; text-align: center; color: rgb(255, 255, 255); background: url(\">18</div>\r\n\r\n	<div class=\"stepContent\" style=\"box-sizing: border-box; margin: 0px 0px 0px 45px; padding: 0px; border: 0px; font-style: inherit; font-variant: inherit; font-weight: inherit; font-stretch: inherit; font-size: inherit; line-height: inherit; font-family: inherit; vertical-align: baseline;\">\r\n	<p>94 % d&acirc;n số tr&ecirc;n thế giới nhận diện ra logo Coca Cola qua m&agrave;u đỏ v&agrave; trắng.</p>\r\n	</div>\r\n\r\n	<div class=\"stepNumber\" style=\"box-sizing: border-box; margin: 0px; padding: 0px; border: 0px; font-style: inherit; font-variant: inherit; font-weight: 700; font-stretch: inherit; font-size: inherit; line-height: 30px; font-family: inherit; vertical-align: baseline; float: left; width: 30px; height: 30px; text-align: center; color: rgb(255, 255, 255); background: url(\">19</div>\r\n\r\n	<div class=\"stepContent\" style=\"box-sizing: border-box; margin: 0px 0px 0px 45px; padding: 0px; border: 0px; font-style: inherit; font-variant: inherit; font-weight: inherit; font-stretch: inherit; font-size: inherit; line-height: inherit; font-family: inherit; vertical-align: baseline;\">\r\n	<p style=\"text-align:justify\">Trung b&igrave;nh cứ 4 ng&agrave;y th&igrave; một người ti&ecirc;u thụ một sản phẩm Coke. V&igrave; thế m&agrave; Coca Cola quảng c&aacute;o gấp nhiều lần so với Apple v&agrave; Microsoft cộng lại.</p>\r\n	</div>\r\n\r\n	<div>&nbsp;</div>\r\n	</div>\r\n	</li>\r\n</ul>', 'BQRP_media-1.jpg', 1, 0, 20, '2017-04-17 19:14:59', '2017-04-17 19:19:34'),
(14, 'Những sự thật từ thú vị đến ghê người bạn chưa biết về con người', 'nhung-su-that-tu-thu-vi-den-ghe-nguoi-ban-chua-biet-ve-con-nguoi', 'Bạn có biết hơi thở bình thường của chúng ta đạt vận tốc 24km/h hay nếu hắt hơi quá mạnh có thể bị gãy xương sườn? Đó là một số trong những điều bí ẩn và bất ngờ về chính cơ thể bạn mà đảm bảo 99% con người chúng ta không biết. Vậy hãy cùng khám phá xem nhé!', '<p>Cơ thể con người như một chiếc &aacute;o được ch&uacute;ng ta sở hữu v&agrave; gắn b&oacute; cả đời. Tuy nhi&ecirc;n, c&oacute; những điều th&uacute; vị v&agrave; cực kỳ hay ho m&agrave; ta kh&ocirc;ng thể biết được. Chỉ khi c&oacute; nghi&ecirc;n cứu khoa học v&agrave; những thống k&ecirc; đưa ra ta mới &ldquo;ngớ người&rdquo; bởi sự &ldquo;sinh động&rdquo; đang diễn ra ngay ch&iacute;nh cơ thể m&igrave;nh.</p>\r\n\r\n<p>Để hiểu hơn về cơ thể, tại sao kh&ocirc;ng d&agrave;nh ra v&agrave;i ph&uacute;t t&igrave;m hiểu xem ch&uacute;ng như n&agrave;o nhỉ?</p>\r\n\r\n<ul>\r\n	<li>\r\n	<div class=\"stepContent\" style=\"box-sizing: border-box; margin: 0px 0px 0px 45px; padding: 0px; border: 0px; font-style: inherit; font-variant: inherit; font-weight: inherit; font-stretch: inherit; font-size: inherit; line-height: inherit; font-family: inherit; vertical-align: baseline;\">\r\n	<p><strong>Những sự thật th&uacute; vị về cơ thể khiến bạn bất ngờ</strong></p>\r\n\r\n	<p>1. Trung b&igrave;nh con người cười 15 lần một ng&agrave;y.</p>\r\n\r\n	<p>2. Nếu hắt hơi mạnh qu&aacute;, bạn c&oacute; thể bị g&atilde;y xương sườn.</p>\r\n\r\n	<p>3. Bạn kh&ocirc;ng thể hắt hơi nếu kh&ocirc;ng nhắm mắt.</p>\r\n\r\n	<p>4. Đ&agrave;n b&agrave; chớp mắt nhiều gần gấp đ&ocirc;i đ&agrave;n &ocirc;ng.</p>\r\n\r\n	<p>5. Bạn kh&ocirc;ng thể n&agrave;o liếm được khuỷu tay của ch&iacute;nh m&igrave;nh.</p>\r\n\r\n	<p>6. Giống như v&acirc;n tay, v&acirc;n lưỡi của mỗi người kh&aacute;c nhau v&agrave; duy nhất.</p>\r\n\r\n	<p>7. Bắp thịt mạnh nhất trong cơ thể l&agrave; lưỡi.</p>\r\n\r\n	<p>8. Nếu cố giữ kh&ocirc;ng cho hắt hơi, bạn c&oacute; thể l&agrave;m đứt mạch m&aacute;u trong đầu hoặc cổ m&agrave; chết.</p>\r\n\r\n	<p>9. Bạn kh&ocirc;ng thể tự tử bằng c&aacute;ch n&iacute;n thở.</p>\r\n\r\n	<p>10. Trung b&igrave;nh một người bỏ ra 24 năm trong đời để ngủ.</p>\r\n\r\n	<p>11. Ngồi n&oacute;i chuyện qua điện thoại trong 8 tiếng sẽ đốt hết 914 calo. L&aacute;i xe trong 8 tiếng sẽ ti&ecirc;u 1.219 calo. Trong khi đứng trong s&ograve;ng b&agrave;i 8 tiếng sẽ đốt ch&aacute;y hết 1.402 calo.</p>\r\n\r\n	<p>12. Thường th&igrave; người thuận tay phải sử dụng phần n&atilde;o b&ecirc;n tr&aacute;i cho tất cả những hoạt động c&oacute; &yacute; thức v&agrave; tự chủ.</p>\r\n\r\n	<p style=\"text-align:center\"><img alt=\"\" src=\"https://media.lamsao.com//Data//dienht/17052016/nhung_su_that_tu_thu_vi_den_ghe_nguoi_ban_chua_biet_ve_co_the_3(1).jpg\" style=\"border:0px; box-sizing:border-box; font-family:inherit; font-size:inherit; font-stretch:inherit; font-style:inherit; font-variant:inherit; font-weight:inherit; line-height:inherit; margin:0px; max-width:100%; padding:0px; vertical-align:middle\" /></p>\r\n\r\n	<pre style=\"text-align:center\">\r\n<em>Cơ thể bạn l&agrave; cả một &quot;thế giới&quot; sinh động</em></pre>\r\n\r\n	<p>13. Hầu hết bụi trong nh&agrave; l&agrave; từ da chết.</p>\r\n\r\n	<p>14. Một người trung b&igrave;nh ăn hơn 27 tấn thực phẩm trong suốt cuộc đời.</p>\r\n\r\n	<p>15. Nếu gộp chung lại, tổng số da của mỗi người nặng 2kg.</p>\r\n\r\n	<p>16. Trung b&igrave;nh một người phụ nữ ăn hết hơn 2,7kg son m&ocirc;i trong đời. Mặc d&ugrave; c&ocirc; ấy kh&ocirc;ng chủ đ&iacute;ch ăn n&oacute;.</p>\r\n\r\n	<p>17. Khi bực m&igrave;nh, con người cần đến 42 cơ mặt để biểu lộ sự tức giận.</p>\r\n\r\n	<p>18. Tr&ecirc;n đầu trung b&igrave;nh mỗi người c&oacute; tất cả 125.000 sợi t&oacute;c.</p>\r\n\r\n	<p>19. Một đời người h&iacute;t thở 38.000cm3 kh&ocirc;ng kh&iacute;.</p>\r\n\r\n	<p>20. Mỗi gi&acirc;y đồng hồ trong n&atilde;o người diễn ra khoảng 100.000 phản ứng ho&aacute; học.</p>\r\n\r\n	<p>21. Hơi thở ra l&uacute;c b&igrave;nh thường di chuyển với vận tốc 24km/h, c&ograve;n khi hắt hơi đạt tới vận tốc 1.030km/h.</p>\r\n\r\n	<p>22. Cứ mỗi 4 th&aacute;ng, hồng cầu trong m&aacute;u lại đi qua qu&atilde;ng đường d&agrave;i 1.600 km.</p>\r\n\r\n	<p>23. N&atilde;o bộ cần 0,05 gi&acirc;y để nhận biết điều m&agrave; thị gi&aacute;c vừa quan s&aacute;t được.</p>\r\n	</div>\r\n	</li>\r\n</ul>\r\n\r\n<ul>\r\n	<li>\r\n	<div class=\"stepNumber\" style=\"box-sizing: border-box; margin: 0px; padding: 0px; border: 0px; font-style: inherit; font-variant: inherit; font-weight: 700; font-stretch: inherit; font-size: inherit; line-height: 30px; font-family: inherit; vertical-align: baseline; float: left; width: 30px; height: 30px; text-align: center; color: rgb(255, 255, 255); background: url(\">2</div>\r\n\r\n	<div class=\"stepContent\" style=\"box-sizing: border-box; margin: 0px 0px 0px 45px; padding: 0px; border: 0px; font-style: inherit; font-variant: inherit; font-weight: inherit; font-stretch: inherit; font-size: inherit; line-height: inherit; font-family: inherit; vertical-align: baseline;\">\r\n	<p><strong>Những sự thật &ldquo;gh&ecirc; người&rdquo; về cơ thể bạn</strong></p>\r\n	</div>\r\n	</li>\r\n</ul>', 'GjBx_media-2.jpg', 1, 130, 20, '2017-04-17 19:16:14', '2017-04-17 19:19:04'),
(15, 'Nhà thơ Xuân Quỳnh chính thức được tặng Giải thưởng Hồ Chí Minh', 'nha-tho-xuan-quynh-chinh-thuc-duoc-tang-giai-thuong-ho-chi-minh', 'Cố nhà thơ Xuân Quỳnh đã chính thức được tặng Giải thưởng Hồ Chí Minh về Văn học nghệ thuật năm 2017. Cố nhạc sỹ Thuận Yến cùng nhiều tác giả khác đang chờ được xét duyệt.', '<p style=\"text-align:justify\">&Ocirc;ng Ph&ugrave;ng Huy Cẩn, Vụ trưởng Vụ Thi đua khen thưởng - Bộ VHTT&amp;DL x&aacute;c nhận, ng&agrave;y 30/3/2017, Chủ tịch nước Trần Đại Quang đ&atilde; k&yacute; quyết định số 602, ch&iacute;nh thức tặng giải thưởng Hồ Ch&iacute; Minh cho nh&agrave; thơ Xu&acirc;n Quỳnh.</p>\r\n\r\n<p style=\"text-align:justify\">Quyết định ghi r&otilde;, tặng Giải thưởng Hồ Ch&iacute; Minh cho cố nh&agrave; thơ Nguyễn Thị Xu&acirc;n Quỳnh, t&aacute;c giả hai tập thơ &quot;Lời ru tr&ecirc;n mặt đất&quot; v&agrave; &quot;Bầu trời trong quả trứng&quot; l&agrave; những t&aacute;c phẩm đặc biệt xuất sắc về Văn học - Nghệ thuật, g&oacute;p phần v&agrave;o sự nghiệp x&acirc;y dựng chủ nghĩa x&atilde; hội v&agrave; bảo vệ tổ quốc.</p>\r\n\r\n<div class=\"VCSortableInPreviewMode IMSCurrentEditorEditObject\" style=\"margin-bottom: 13px; padding: 0px; border: 0px; outline: none 0px; max-width: 100%; background-color: rgb(238, 238, 238); font-family: tahoma; color: rgb(71, 71, 71); width: 500px; margin-top: 0px !important; margin-right: auto !important; margin-left: auto !important;\">\r\n<div style=\"margin: 0px auto; padding: 0px; border: 0px; outline: none 0px; max-width: 100%;\"><img alt=\"Cố nhà thơ Xuân Quỳnh và chồng là tác giả Lưu Quang Vũ. Ảnh: TL.\" id=\"img_89418\" src=\"https://dantricdn.com/2017/nha-tho-xuan-quynh-1492566168715.jpg\" style=\"background-color:rgb(221, 221, 221); border:0px; display:inline; margin:0px auto; max-width:100%; outline:none 0px; padding:0px; vertical-align:bottom; width:500px\" /></div>\r\n\r\n<div class=\"PhotoCMS_Caption\" style=\"margin: 0px auto; padding: 5px; border: 0px; outline: none 0px; max-width: 100%; text-align: center;\">Cố nh&agrave; thơ Xu&acirc;n Quỳnh v&agrave; chồng l&agrave; t&aacute;c giả Lưu Quang Vũ. Ảnh: TL.</div>\r\n</div>\r\n\r\n<p style=\"text-align:justify\">Trước đ&oacute;, ng&agrave;y 5/1/2017, Chủ tịch nước đ&atilde; c&oacute; Quyết định số 41/QĐ- CTN v&agrave; Quyết định số 42/QĐ-CTN tặng &quot;Giải thưởng Hồ Ch&iacute; Minh&quot; cho 10 t&aacute;c giả (đồng t&aacute;c giả) c&oacute; cụm t&aacute;c phẩm đặc biệt xuất sắc về văn học, nghệ thuật, g&oacute;p phần v&agrave;o sự nghiệp x&acirc;y dựng chủ nghĩa x&atilde; hội v&agrave; bảo vệ tổ quốc nhưng kh&ocirc;ng c&oacute; t&ecirc;n t&aacute;c giả Nguyễn Thị Xu&acirc;n Quỳnh v&agrave; H&agrave; Đức Trọng (Thu Bồn).</p>\r\n\r\n<p style=\"text-align:justify\">Đại diện gia đ&igrave;nh của cố t&aacute;c giả Nguyễn Thị Xu&acirc;n Quỳnh l&agrave; b&agrave; Lưu Kh&aacute;nh Thơ (em chồng) đ&atilde; c&oacute; Đơn đề nghị Thủ tướng Ch&iacute;nh phủ v&agrave; c&aacute;c cơ quan li&ecirc;n quan xem x&eacute;t hồ sơ đề nghị x&eacute;t tặng Giải thưởng Hồ Ch&iacute; Minh cho t&aacute;c giả Nguyễn Thị Xu&acirc;n Quỳnh. L&yacute; do l&agrave; gia đ&igrave;nh đ&atilde; xin được Giấy x&aacute;c nhận của Hội Nh&agrave; văn Việt Nam về việc tập thơ thiếu nhi &quot;Bầu trời trong quả trứng&quot; của t&aacute;c giả Xu&acirc;n Quỳnh từng được Giải thưởng của Hội Nh&agrave; văn Việt Nam năm 1982- 1983.</p>\r\n\r\n<p style=\"text-align:justify\">Ng&agrave;y 12/4/2017, Thủ tướng Ch&iacute;nh phủ cũng c&oacute; tờ tr&igrave;nh số 524/TTr-TTg về việc đề nghị tặng &ldquo;Giải thưởng Hồ Ch&iacute; Minh&rdquo;, &ldquo;Giải thưởng Nh&agrave; nước&rdquo; về văn học nghệ thuật cho 35 t&aacute;c giả. Trong đ&oacute;, 7 t&aacute;c giả được Thủ tướng tr&igrave;nh Chủ tịch nước đề nghị x&eacute;t tặng giải thưởng Hồ Ch&iacute; Minh về văn học nghệ thuật gồm: nh&agrave; nghi&ecirc;n cứu Ninh Viết Giao, nh&agrave; đi&ecirc;u khắc Tạ Quang Bạo, đạo diễn Trần Bảng, nhạc sĩ Thuận Yến, nh&agrave; nhiếp ảnh Lương Nghĩa Dũng, nhạc sĩ Đinh Ngọc Li&ecirc;n, nh&agrave; thơ thu Bồn.</p>\r\n\r\n<p style=\"text-align:justify\">Ngo&agrave;i ra c&ograve;n c&oacute; 28 t&aacute;c giả được Thủ tướng đề nghị Chủ tịch nước x&eacute;t tặng giải thưởng Nh&agrave; nước như: nh&agrave; nghi&ecirc;n cứu Trần L&acirc;m Biền, nhạc sĩ Cao Việt B&aacute;ch, hoạ sĩ Nguyễn B&iacute;ch, nhạc sĩ Trần Viết B&iacute;nh, nh&agrave; văn Ho&agrave;ng Quốc Hải, nh&agrave; nghi&ecirc;n cứu văn ho&aacute; d&acirc;n gian Ng&ocirc; Đức Thịnh, nh&agrave; văn Nguyễn Đ&igrave;nh Lạp, nh&agrave; thơ Tạ Hữu Y&ecirc;n&hellip;</p>', 'DnPY_media-4.jpg', 1, 0, 1, '2017-04-19 04:30:05', '2017-04-24 04:36:37'),
(16, 'Treo cờ Tổ quốc không trang trọng bị phạt 5 triệu', 'treo-co-to-quoc-khong-trang-trong-bi-phat-5-trieu', 'Treo cờ Tổ quốc ở khu vực lễ hội không cao hơn, không trang trọng hơn các cờ hội sẽ bị phạt nặng.', '<p>u của Nghị định 131/2013/NĐ-CP của Ch&iacute;nh phủ quy định xử phạt vi phạm h&agrave;nh ch&iacute;nh về quyền t&aacute;c giả, quyền li&ecirc;n quan v&agrave; Nghị định 158/2013/NĐ-CP của Ch&iacute;nh phủ quy định xử phạt vi phạm h&agrave;nh ch&iacute;nh trong lĩnh vực văn h&oacute;a, thể thao, du lịch v&agrave; quảng c&aacute;o.</p>\r\n\r\n<div class=\"VCSortableInPreviewMode IMSCurrentEditorEditObject\" style=\"margin-bottom: 13px; padding: 0px; border: 0px; outline: none 0px; max-width: 100%; background-color: rgb(238, 238, 238); font-family: tahoma; color: rgb(71, 71, 71); width: 600px; margin-top: 0px !important; margin-right: auto !important; margin-left: auto !important;\">\r\n<div style=\"margin: 0px auto; padding: 0px; border: 0px; outline: none 0px; max-width: 100%;\"><img alt=\"Treo cờ Tổ quốc ở khu vực lễ hội không cao hơn, không trang trọng hơn các cờ hội sẽ bị xử phạt. (Ảnh minh họa)\" id=\"img_89141\" src=\"https://dantricdn.com/2017/co-to-quoc-viet-nam-1492508622186.jpg\" style=\"background-color:rgb(221, 221, 221); border:0px; display:inline; margin:0px auto; max-width:100%; outline:none 0px; padding:0px; vertical-align:bottom; width:600px\" /></div>\r\n\r\n<div class=\"PhotoCMS_Caption\" style=\"margin: 0px auto; padding: 5px; border: 0px; outline: none 0px; max-width: 100%; text-align: center;\">Treo cờ Tổ quốc ở khu vực lễ hội kh&ocirc;ng cao hơn, kh&ocirc;ng trang trọng hơn c&aacute;c cờ hội sẽ bị xử phạt. (Ảnh minh họa)</div>\r\n</div>\r\n\r\n<p>&nbsp;</p>\r\n\r\n<p>Theo đ&oacute;, việc n&eacute;m, thả tiền xuống giếng, ao hồ tại di t&iacute;ch sẽ bị phạt (Nghị định cũ kh&ocirc;ng c&oacute; quy định n&agrave;y). Cụ thể, h&agrave;nh vi n&agrave;y sẽ bị phạt cảnh c&aacute;o hoặc phạt tiền từ 200.000 - 500.000 đồng.</p>\r\n\r\n<p>Ngo&agrave;i việc bổ sung chế t&agrave;i với h&agrave;nh vi n&eacute;m thả tiền, Nghị định 28 cũng đưa c&aacute;c h&agrave;nh vi kh&aacute;c v&agrave;o c&ugrave;ng khung h&igrave;nh phạt, gồm: n&oacute;i tục, x&uacute;c phạm t&acirc;m linh, g&acirc;y ảnh hưởng đến kh&ocirc;ng kh&iacute; trang nghi&ecirc;m; xả r&aacute;c bừa b&atilde;i l&agrave;m mất vệ sinh m&ocirc;i trường trong khu vực lễ hội, di t&iacute;ch.</p>\r\n\r\n<p>Nghị định 28 c&ograve;n bổ sung quy định xử phạt với mức phạt từ 1 - 3 triệu đồng đối với một trong c&aacute;c h&agrave;nh vi: kh&ocirc;ng th&agrave;nh lập ban tổ chức lễ hội theo quy định; b&aacute;n v&eacute;, thu tiền tham dự lễ hội; kh&ocirc;ng c&oacute; nh&agrave; vệ sinh hoặc c&oacute; nh&agrave; vệ sinh nhưng kh&ocirc;ng đảm bảo ti&ecirc;u chuẩn theo quy định trong khu vực lễ hội, di t&iacute;ch; t&ugrave;y tiện đưa v&agrave;o những yếu tố mới kh&ocirc;ng ph&ugrave; hợp l&agrave;m giảm gi&aacute; trị di sản văn h&oacute;a phi vật thể.</p>\r\n\r\n<p>Mức xử phạt 3 - 5 triệu đồng được &aacute;p dụng đối với c&aacute;c h&agrave;nh vi: Lợi dụng hoạt động l&ecirc;n đồng, xem b&oacute;i, gọi hồn, xin xăm, x&oacute;c thẻ, yểm b&ugrave;a, ph&ugrave; ch&uacute;, truyền b&aacute; sấm trạng v&agrave; c&aacute;c h&igrave;nh thức tương tự kh&aacute;c để trục lợi; Treo cờ Tổ quốc ở khu vực lễ hội kh&ocirc;ng cao hơn, kh&ocirc;ng trang trọng hơn c&aacute;c cờ hội.</p>\r\n\r\n<p>Mức xử phạt n&agrave;y cũng &aacute;p dụng với h&agrave;nh vi tuy&ecirc;n truyền, giới thiệu sai lệch nội dung, gi&aacute; trị di t&iacute;ch lịch sử - văn h&oacute;a, danh lam thắng cảnh; lợi dụng việc bảo vệ v&agrave; ph&aacute;t huy gi&aacute; trị di sản văn h&oacute;a để trục lợi.</p>\r\n\r\n<p>Phạt tiền từ 5.000.000 đồng đến 10.000.000 đồng đối với h&agrave;nh vi phục hồi phong tục, tập qu&aacute;n g&acirc;y ảnh hưởng đến sức khỏe, nh&acirc;n c&aacute;ch con người v&agrave; truyền thống văn h&oacute;a Việt Nam.</p>', 'BotF_footer-col-1.jpg', 1, 0, 22, '2017-04-19 04:31:32', '2017-04-19 10:25:43');
INSERT INTO `tintuc` (`id`, `TieuDe`, `TieuDeKhongDau`, `TomTat`, `NoiDung`, `Hinh`, `NoiBat`, `SoLuotXem`, `idLoaiTin`, `created_at`, `updated_at`) VALUES
(18, 'Chuyện ít biết về dàn diễn viên “Đêm hội Long Trì”', 'chuyen-it-biet-ve-dan-dien-vien-dem-hoi-long-tri-', 'Từng góp phần làm nên thành công của bộ phim dã sử - cổ trang nổi tiếng “Đêm hội Long Trì” nhưng mỗi nghệ sỹ lại có một cuộc đời và số phận khác nhau.', '<p style=\"text-align:justify\">&ldquo;Đ&ecirc;m hội Long Tr&igrave;&rdquo; l&agrave; một phim d&atilde; sử - cổ trang của cố đạo diễn, NSND Hải Ninh sản xuất năm 1989. Phim được chuyển thể từ tiểu thuyết c&ugrave;ng t&ecirc;n của nh&agrave; văn Nguyễn Huy Tưởng.</p>\r\n\r\n<p style=\"text-align:justify\">Phim chia l&agrave;m 2 phần &ldquo;Cầu h&ocirc;n&rdquo; v&agrave; &ldquo;Quả b&aacute;o&rdquo; lấy bối cảnh lịch sử thế kỷ XVIII khi chế độ ch&uacute;a Trịnh ng&agrave;y c&agrave;ng suy t&agrave;n. Tuy&ecirc;n phi Đặng Thị Huệ được sự sủng &aacute;i của ch&uacute;a Trịnh S&acirc;m n&ecirc;n dung t&uacute;ng cho em trai l&agrave;m những việc sai tr&aacute;i, coi thường luật ph&aacute;p. Bộ phim t&aacute;i hiện phần n&agrave;o sự thối n&aacute;t của x&atilde; hội l&uacute;c bấy giờ.</p>\r\n\r\n<p style=\"text-align:justify\">Trong c&aacute;c t&agrave;i liệu ph&ecirc; b&igrave;nh điện ảnh Việt Nam, &ldquo;Đ&ecirc;m hội Long Tr&igrave;&rdquo; được đ&aacute;nh gi&aacute; l&agrave; bộ phim d&atilde; sử kinh điển nhất trong thế kỷ XX. Đặc biệt, phim quy tụ được d&agrave;n diễn vi&ecirc;n xuất sắc như: NSND Thế Anh, NSND Trịnh Thịnh, NSND Trần Nhượng, NSƯT Thu H&agrave;, NSƯT L&ecirc; V&acirc;n, Quế Hằng, Vũ Đ&igrave;nh Th&acirc;n, Ho&agrave;ng Thắng...</p>\r\n\r\n<p style=\"text-align:justify\"><strong>NSND Thế Anh vai ch&uacute;a Trịnh S&acirc;m</strong></p>\r\n\r\n<p style=\"text-align:justify\">NSND Thế Anh l&agrave; một trong những gương mặt gạo cội của nền điện ảnh c&aacute;ch mạng Việt Nam. T&ecirc;n tuổi của &ocirc;ng gắn liền với vai diễn Trung &uacute;y Phương trong phim &quot;Nổi gi&oacute;&quot;, Ba Duy trong &ldquo;Mối t&igrave;nh đầu&rdquo;.</p>\r\n\r\n<div class=\"VCSortableInPreviewMode\" style=\"margin-bottom: 13px; padding: 0px; border: 0px; outline: none 0px; max-width: 100%; background-color: rgb(238, 238, 238); font-family: tahoma; color: rgb(71, 71, 71); width: 470px; margin-top: 0px !important; margin-right: auto !important; margin-left: auto !important;\">\r\n<div style=\"margin: 0px auto; padding: 0px; border: 0px; outline: none 0px; max-width: 100%;\"><img alt=\"NSND Thế Anh trong vai chúa Trịnh Sâm phim Đêm hội Long Trì. Ảnh: TL.\" id=\"img_89509\" src=\"https://dantricdn.com/2017/trinh-sam-dem-hoi-long-tri-1492574669691.jpg\" style=\"background-color:rgb(221, 221, 221); border:0px; display:inline; margin:0px auto; max-width:100%; outline:none 0px; padding:0px; vertical-align:bottom; width:470px\" /></div>\r\n\r\n<div class=\"PhotoCMS_Caption\" style=\"margin: 0px auto; padding: 5px; border: 0px; outline: none 0px; max-width: 100%; text-align: center;\">NSND Thế Anh trong vai ch&uacute;a Trịnh S&acirc;m phim &quot;Đ&ecirc;m hội Long Tr&igrave;&quot;. Ảnh: TL.</div>\r\n</div>\r\n\r\n<p style=\"text-align:justify\">Trong &ldquo;Đ&ecirc;m hội Long Tr&igrave;&rdquo;, NSND Thế Anh đ&oacute;ng vai ch&uacute;a Trịnh S&acirc;m. &Ocirc;ng chia sẻ rằng: &ldquo;Vai ch&uacute;a Trịnh S&acirc;m c&oacute; kh&aacute; nhiều ứng vi&ecirc;n nhưng cuối c&ugrave;ng t&ocirc;i đ&atilde; được chọn. V&agrave;o vai n&agrave;y, thần sắc của gương mặt rất quan trọng, ngay cả việc ch&uacute;a quắc mắc l&ecirc;n cũng phải kh&aacute;c người thường. Người đ&oacute;ng những vai vua ch&uacute;a phải thể hiện được c&aacute;i oai phong. Khi vớ được vai n&agrave;y t&ocirc;i rất th&iacute;ch v&igrave; Trịnh S&acirc;m l&agrave; một nh&acirc;n vật đầy t&acirc;m trạng, c&oacute; t&agrave;i nhưng h&aacute;o sắc&rdquo;.</p>\r\n\r\n<p style=\"text-align:justify\">Sau năm 1975 , nam nghệ sỹ chuyển c&ugrave;ng vợ l&agrave; diễn vi&ecirc;n Thu Hằng v&agrave; hai con Thế Phương &ndash; Thế Duy (Nghệ sỹ đ&atilde; đặt t&ecirc;n cho hai người con trai theo hai nh&acirc;n vật để kỉ niệm hai vai diễn th&agrave;nh c&ocirc;ng nhất của m&igrave;nh)v&agrave;o sinh sống v&agrave; l&agrave;m việc tại TP.HCM. Trong suốt thập ni&ecirc;n 1980 , 1990 , 2000&hellip; NSND Thế Anh vẫn tiếp tục c&ocirc;ng việc diễn xuất.</p>\r\n\r\n<p style=\"text-align:justify\">NSND Thế Anh từng mong muốn mở được một cuộc triển l&atilde;m điện ảnh v&igrave; nh&agrave; &ocirc;ng như một bảo t&agrave;ng điện ảnh. &ldquo;T&ocirc;i tự h&agrave;o l&agrave; chắc kh&ocirc;ng c&ograve;n ai giữ được nhiều poster phim, kể cả những hiện vật từ ng&agrave;y xửa ng&agrave;y xưa. Tư liệu đ&oacute; đủ sức l&agrave;m một c&aacute;i bảo t&agrave;ng điện ảnh nho nhỏ nhưng t&ocirc;i vẫn chưa nghĩ ra sẽ l&agrave;m như thế n&agrave;o&rdquo;.</p>\r\n\r\n<p style=\"text-align:justify\">Năm nay đ&atilde; ngấp ngh&eacute; 80 tuổi nhưng nghệ sĩ (NS) Thế Anh vẫn c&ograve;n kh&aacute; sung sức. &Ocirc;ng vẫn tự chạy xe m&aacute;y khắp TP.HCM, vẫn đi giảng dạy về diễn xuất. V&agrave; &ocirc;ng rất tự h&agrave;o khi được gọi l&agrave; &ldquo;Vị đại sứ trong h&ograve;a hợp d&acirc;n tộc&rdquo;.</p>\r\n\r\n<p style=\"text-align:justify\"><strong>NSƯT L&ecirc; V&acirc;n vai Tuy&ecirc;n phi Đặng Thị Huệ</strong></p>\r\n\r\n<p style=\"text-align:justify\">Nghệ sỹ L&ecirc; V&acirc;n l&agrave; con g&aacute;i lớn của nghệ sỹ Trần Tiến v&agrave; L&ecirc; Mai, chị g&aacute;i của nghệ sỹ L&ecirc; Khanh, L&ecirc; Vi. Nữ nghệ sỹ n&agrave;y từng th&agrave;nh danh trong với nhiều phim như:&nbsp;<em>Chị Dậu, Bao giờ cho đến th&aacute;ng 10, Tọa độ chết, Thương nhớ đồng qu&ecirc;...</em>&nbsp;Tuy nhi&ecirc;n, sau phim &quot;Lời thề&quot; v&agrave;o năm 1996, nữ diễn vi&ecirc;n đột nhi&ecirc;n giải nghệ, kh&ocirc;ng nhận th&ecirc;m bất cứ kịch bản n&agrave;o v&agrave; lui về ở ẩn.</p>\r\n\r\n<div class=\"VCSortableInPreviewMode\" style=\"margin-bottom: 13px; padding: 0px; border: 0px; outline: none 0px; max-width: 100%; background-color: rgb(238, 238, 238); font-family: tahoma; color: rgb(71, 71, 71); width: 600px; margin-top: 0px !important; margin-right: auto !important; margin-left: auto !important;\">\r\n<div style=\"margin: 0px auto; padding: 0px; border: 0px; outline: none 0px; max-width: 100%;\"><img alt=\"Nghệ sỹ Lê Vân vai Tuyên phi Đặng Thị Huệ. Ảnh: TL.\" id=\"img_89510\" src=\"https://dantricdn.com/2017/le-van-tuyen-phi-dang-thi-hue-1492574669688.jpg\" style=\"background-color:rgb(221, 221, 221); border:0px; display:inline; margin:0px auto; max-width:100%; outline:none 0px; padding:0px; vertical-align:bottom; width:600px\" /></div>\r\n\r\n<div class=\"PhotoCMS_Caption\" style=\"margin: 0px auto; padding: 5px; border: 0px; outline: none 0px; max-width: 100%; text-align: center;\">Nghệ sỹ L&ecirc; V&acirc;n vai Tuy&ecirc;n phi Đặng Thị Huệ. Ảnh: TL.</div>\r\n</div>\r\n\r\n<p style=\"text-align:justify\">Trong &ldquo;Đ&ecirc;m hội Long Tr&igrave;&rdquo;, nghệ sỹ L&ecirc; V&acirc;n v&agrave;o vai Tuy&ecirc;n phi Đặng Thị Huệ - vợ ch&uacute;a Trịnh S&acirc;m, một giai nh&acirc;n tuyệt sắc bậc nhất, rất được ch&uacute;a Trịnh S&acirc;m sủng &aacute;i v&agrave; l&agrave; người đ&atilde; g&acirc;y ra nhiều tai &aacute;c trong phủ ch&uacute;a Trịnh v&agrave; triều đ&igrave;nh Hậu L&ecirc;.</p>\r\n\r\n<p style=\"text-align:justify\">Nghệ sỹ L&ecirc; V&acirc;n từng trải qua 3 cuộc h&ocirc;n nh&acirc;n. Cuộc h&ocirc;n nh&acirc;n đầu chỉ k&eacute;o d&agrave;i trong 14 ng&agrave;y; cuộc h&ocirc;n nh&acirc;n thứ hai với một người Canada k&eacute;o d&agrave;i 10 năm rồi tan vỡ. Lần thứ 3, chị kết h&ocirc;n với một người đ&agrave;n &ocirc;ng ngoại quốc t&ecirc;n l&agrave; Abraham v&agrave; sinh hạ được hai cậu con trai khi đ&atilde; bước qua tuổi 40.</p>\r\n\r\n<p style=\"text-align:justify\">Hiện tại, nữ diễn vi&ecirc;n n&agrave;y đang sinh sống ở nước ngo&agrave;i c&ugrave;ng gia đ&igrave;nh nhỏ, kh&ocirc;ng c&ograve;n hoạt động nghệ thuật.</p>', 'Lq0e_media-4.jpg', 1, 0, 22, '2017-04-19 10:31:10', '2017-04-24 06:34:05'),
(19, 'Với vỏ bọc là một điểm trò chơi điện tử game bắn cá, thực chất tại tụ điểm này,', 'voi-vo-boc-la-mot-diem-tro-choi-dien-tu-game-ban-ca-thuc-chat-tai-tu-diem-nay-', 'Với vỏ bọc là một điểm trò chơi điện tử game bắn cá, thực chất tại tụ điểm này, những người tham gia chơi bên trong ăn thua nhau số tiền khá lớn.', '<p>fdadfaf</p>', 'bmhY_media-4.jpg', 1, 0, 18, '2017-04-20 03:46:20', '2017-04-24 06:23:17'),
(20, 'Thâm nhập sòng bạc khủng núp bóng tiệm game bắn cá', 'tham-nhap-song-bac-khung-nup-bong-tiem-game-ban-ca', 'Với vỏ bọc là một điểm trò chơi điện tử game bắn cá, thực chất tại tụ điểm này, những người tham gia chơi bên trong ăn thua nhau số tiền khá lớn. Không ít người đã \"tan cửa nát nhà\" vì tụ điểm cờ bạc trá hình này.', '<p>Từ phản &aacute;nh của người d&acirc;n về một điểm kinh doanh tr&ograve; chơi điện tử bắn c&aacute; c&oacute; dấu hiệu để cho người chơi đ&aacute;nh bạc với số tiền cực &quot;khủng&quot; tại số 48 Huỳnh Mẫn Đạt (phường 19, quận B&igrave;nh Thạnh, TPHCM), PV&nbsp;<em>D&acirc;n tr&iacute;&nbsp;</em>đ&atilde; th&acirc;m nhập v&agrave; ghi nhận thực tế về tr&ograve; game ảo nhưng ăn thua tiền thật khiến nhiều &quot;con bạc&quot; l&acirc;m cảnh bần c&ugrave;ng, nợ nần chồng chất.</p>\r\n\r\n<p>Đầu th&aacute;ng 4/2017, ch&uacute;ng t&ocirc;i tiếp cận điểm game bắn c&aacute; số 48 Huỳnh Mẫn Đạt, sau lớp cửa cuốn v&agrave; nhiều &quot;vệ tinh&quot; cảnh giới, ch&uacute;ng t&ocirc;i v&agrave;o được b&ecirc;n trong. H&igrave;nh ảnh đầu ti&ecirc;n l&agrave; cảnh nhiều phụ nữ lớn tuổi v&agrave; c&aacute;nh đ&agrave;n &ocirc;ng ngồi miệt m&agrave;i bắn c&aacute;, điều n&agrave;y cho thấy sức h&uacute;t của tr&ograve; chơi n&agrave;y như thế n&agrave;o. Tr&ecirc;n b&agrave;n m&aacute;y bắn c&aacute;, một thanh ni&ecirc;n tay tr&aacute;i cầm xấp tiền 500.000 đồng, tay c&ograve;n lại li&ecirc;n tục bấn n&uacute;t &quot;nhả đạn&quot;. Kế b&ecirc;n, nh&oacute;m người kh&aacute;c ngồi quanh, khu&ocirc;n mặt ai nấy đều căng thẳng.</p>\r\n\r\n<div class=\"VCSortableInPreviewMode\" style=\"margin-bottom: 13px; padding: 0px; border: 0px; outline: none 0px; max-width: 100%; background-color: rgb(238, 238, 238); font-family: tahoma; color: rgb(71, 71, 71); margin-top: 0px !important; margin-right: auto !important; margin-left: auto !important;\">\r\n<div style=\"margin: 0px auto; padding: 0px; border: 0px; outline: none 0px; max-width: 100%;\"><img alt=\"Điểm kinh doanh game bắn cá trên đường Huỳnh Mẫn Đạt (phường 19, quận Bình Thạnh).\" id=\"img_91924\" src=\"https://dantricdn.com/thumb_w/640/2017/bc3-1493000037206.jpg\" style=\"background-color:rgb(221, 221, 221); border:0px; display:inline; margin:0px auto; max-width:100%; outline:none 0px; padding:0px; vertical-align:bottom; width:650px\" /></div>\r\n\r\n<div class=\"PhotoCMS_Caption\" style=\"margin: 0px auto; padding: 5px; border: 0px; outline: none 0px; max-width: 100%; text-align: center;\">Điểm kinh doanh game bắn c&aacute; tr&ecirc;n đường Huỳnh Mẫn Đạt (phường 19, quận B&igrave;nh Thạnh).</div>\r\n</div>\r\n\r\n<p>Tại mỗi vị tr&iacute; kh&aacute;ch ngồi c&oacute; một tay quay điều khiển hướng s&uacute;ng bắn c&aacute; tr&ecirc;n m&agrave;n h&igrave;nh, một n&uacute;t chỉnh đạn theo cấp độ lớn nhỏ, một n&uacute;t bắn đạn. Ngo&agrave;i ra, thiết kế ban đầu của m&aacute;y bắn c&aacute; c&ograve;n c&oacute; một n&uacute;t &ldquo;xả&rdquo; điểm, tức l&agrave; để người chơi quy đổi từ điểm ra xu. Nhưng hiện nay, ở hầu hết c&aacute;c điểm m&aacute;y bắn c&aacute;, n&uacute;t &ldquo;xả&rdquo; điểm n&agrave;y đ&atilde; bị v&ocirc; hiệu do điểm được quy đổi ra tiền.</p>\r\n\r\n<p>Tr&ecirc;n m&agrave;n h&igrave;nh chữ nhật c&oacute; t&aacute;m vị tr&iacute; đặt s&uacute;ng. C&aacute;c loại c&aacute;, mực, thủy qu&aacute;i v&agrave; n&agrave;ng ti&ecirc;n c&aacute; sẽ xuất hiện bất ngờ v&agrave; li&ecirc;n tục để người chơi ngắm bắn. Theo nguy&ecirc;n tắc, bắn c&agrave;ng nhiều đạn, c&aacute; c&agrave;ng mau chết v&agrave; số điểm của người chơi sẽ tăng. Để r&uacute;t ngắn thời gian bắn chết c&aacute;, đa số c&aacute;c &quot;con bạc&quot; đều chỉnh đạn cỡ lớn tương ứng với 25-30 điểm.</p>\r\n\r\n<div class=\"VCSortableInPreviewMode\" style=\"margin-bottom: 13px; padding: 0px; border: 0px; outline: none 0px; max-width: 100%; background-color: rgb(238, 238, 238); font-family: tahoma; color: rgb(71, 71, 71); margin-top: 0px !important; margin-right: auto !important; margin-left: auto !important;\">\r\n<div style=\"margin: 0px auto; padding: 0px; border: 0px; outline: none 0px; max-width: 100%;\"><img alt=\"Nhóm người vây quanh một máy bắn cá với vẻ mặt bơ phờ, mệt mỏi vì săn nàng tiên cá thâu đêm.\" id=\"img_91925\" src=\"https://dantricdn.com/thumb_w/640/2017/bc2-1493000037204.jpg\" style=\"background-color:rgb(221, 221, 221); border:0px; display:inline; margin:0px auto; max-width:100%; outline:none 0px; padding:0px; vertical-align:bottom; width:650px\" /></div>\r\n\r\n<div class=\"PhotoCMS_Caption\" style=\"margin: 0px auto; padding: 5px; border: 0px; outline: none 0px; max-width: 100%; text-align: center;\">Nh&oacute;m người v&acirc;y quanh một m&aacute;y bắn c&aacute; với vẻ mặt bơ phờ, mệt mỏi v&igrave; &quot;săn&quot; n&agrave;ng ti&ecirc;n c&aacute; th&acirc;u đ&ecirc;m.</div>\r\n</div>\r\n\r\n<div class=\"VCSortableInPreviewMode IMSCurrentEditorEditObject\" style=\"margin-bottom: 13px; padding: 0px; border: 0px; outline: none 0px; max-width: 100%; background-color: rgb(238, 238, 238); font-family: tahoma; color: rgb(71, 71, 71); width: 500px; margin-top: 0px !important; margin-right: auto !important; margin-left: auto !important;\">\r\n<div style=\"margin: 0px auto; padding: 0px; border: 0px; outline: none 0px; max-width: 100%;\"><img alt=\"\r\nMột con bạc với xấp tiền 500.000 đồng trên tay phục vụ bắn cá.\r\n\" id=\"img_91926\" src=\"https://dantricdn.com/2017/2-1493000167089.jpg\" style=\"background-color:rgb(221, 221, 221); border:0px; display:inline; margin:0px auto; max-width:100%; outline:none 0px; padding:0px; vertical-align:bottom; width:500px\" /></div>\r\n\r\n<div class=\"PhotoCMS_Caption\" style=\"margin: 0px auto; padding: 5px; border: 0px; outline: none 0px; max-width: 100%; text-align: center;\">\r\n<p>Một con bạc với xấp tiền 500.000 đồng tr&ecirc;n tay phục vụ bắn c&aacute;.</p>\r\n</div>\r\n</div>\r\n\r\n<p>Cơn lốc m&aacute;y bắn c&aacute; đang tạo ra một loại cờ bạc tr&aacute; h&igrave;nh tại TPHCM. Chỉ trong thời gian ngắn, ch&uacute;ng t&ocirc;i tiếp nhận th&ocirc;ng tin của rất nhiều gia đ&igrave;nh về t&igrave;nh trạng người th&acirc;n m&ecirc; chơi m&aacute;y bắn c&aacute; vướng cảnh nợ nần chồng chất v&agrave; bị giang hồ đến tận nh&agrave; đ&ograve;i xiết đồ trừ nợ.</p>\r\n\r\n<p>Trong số những &quot;con bạc&quot; l&acirc;m cảnh c&ugrave;ng đường v&igrave; rơi v&agrave;o tr&ograve; cờ bạc tr&aacute; h&igrave;nh tại điểm game m&aacute;y bắn c&aacute; số 48 Huỳnh Mẫn Đạt c&oacute; thể kể đến như b&agrave; D. &quot;4 mắt&quot;. Mỗi khi xuất hiện tại điểm bắn c&aacute; n&agrave;y, b&agrave; D. &quot;4 mắt&quot; c&oacute; thể ngồi li&ecirc;n tiếp 3-4 ng&agrave;y, số tiền b&agrave; D. thua l&ecirc;n đến hơn 800 triệu đồng. Khi &quot;ch&aacute;y t&uacute;i&quot; v&agrave; muốn vớt v&aacute;t lại số tiền đ&atilde; thua, b&agrave; D. &quot;4 mắt&quot; chấp nhận vay 100 triệu đồng của &quot;x&atilde; hội đen&quot; với l&atilde;i xuất &quot;cắt cổ&quot;. Thậm ch&iacute;, c&oacute; lần b&agrave; D. bị chồng bắt gặp đang đ&aacute;nh bạc tại điểm game bắn c&aacute; đ&atilde; đ&aacute;nh cho b&agrave; một trận &quot;thừa sống thiếu chết&quot; nhưng b&agrave; D. vẫn kh&ocirc;ng bỏ được &quot;n&agrave;ng ti&ecirc;n c&aacute;&quot;.</p>\r\n\r\n<p>&Ocirc;ng L. cũng được xem l&agrave; &quot;con bạc&quot; thua đậm khi vướng v&agrave;o tr&ograve; cờ bạc tr&aacute; h&igrave;nh dưới dạng game bắn c&aacute;. Những ng&agrave;y đầu đến điểm game bắn c&aacute; số 48 Huỳnh Mẫn Đạt, &ocirc;ng L. đều bước xuống từ chiếc xe hơi sang trọng nhưng sau những lần săn trượt &quot;n&agrave;ng ti&ecirc;n c&aacute;&quot; v&agrave; thua h&agrave;ng tỷ đồng th&igrave; &quot;đại gia&quot; n&agrave;y rơi v&agrave;o cảnh nợ nần chồng chất, bị giang hồ đeo b&aacute;m đ&ograve;i nợ.</p>', 'uSsl_media-3.jpg', 1, 0, 1, '2017-04-24 04:43:34', '2017-04-24 04:47:22'),
(21, 'Giá vàng bật tăng trong \"cơn lốc\" bán tháo', 'gia-vang-bat-tang-trong-con-loc-ban-thao', 'Ảnh hưởng bởi thông tin bầu cử tổng thống Pháp, giá vàng đã lao dốc hơn 20 USD/ounce do nhà đầu tư bán tháo để kiềm lỗ. Tuy nhiên, đến sáng nay 26/4, giá vàng SJC đã bật tăng trở lại.', '<p>L&uacute;c 9h15 h&ocirc;m nay 26/4, gi&aacute; v&agrave;ng SJC tại H&agrave; Nội được một số doanh nghiệp v&agrave;ng lớn ni&ecirc;m yết giao dịch ở mức 36,58 triệu đồng/lượng (mua v&agrave;o) - 36,66 triệu đồng/lượng (b&aacute;n ra) đối với giao dịch b&aacute;n lẻ v&agrave; 36,59 triệu đồng/lượng - 36,65 triệu đồng/lượng đối với giao dịch b&aacute;n bu&ocirc;n.</p>\r\n\r\n<p>C&aacute;c mức gi&aacute; n&agrave;y tăng nhẹ mỗi chiều 30.000 đồng/lượng v&agrave; 10.000 đồng/lượng so với mở cửa phi&ecirc;n s&aacute;ng nay.</p>\r\n\r\n<p>Trước đ&oacute;, gi&aacute; v&agrave;ng tại đ&acirc;y được ni&ecirc;m yết giao dịch ở mức 36,55 triệu đồng/lượng - 36,65 triệu đồng/lượng, Gi&aacute; giảm so với chốt phi&ecirc;n trước 50.000 đồng/lượng ở chiều mua v&agrave; 30.000 đồng/lượng ở chiều b&aacute;n.</p>\r\n\r\n<p>Tại TPHCM, gi&aacute; v&agrave;ng SJC ni&ecirc;m yết giao dịch ở mức 36,52 triệu đồng/lượng - 36,72 triệu đồng/lượng...</p>\r\n\r\n<div class=\"VCSortableInPreviewMode IMSCurrentEditorEditObject\" style=\"margin-bottom: 13px; padding: 0px; border: 0px; outline: none 0px; max-width: 100%; background-color: rgb(238, 238, 238); font-family: tahoma; color: rgb(71, 71, 71); width: 450px; margin-top: 0px !important; margin-right: auto !important; margin-left: auto !important;\">\r\n<div style=\"margin: 0px auto; padding: 0px; border: 0px; outline: none 0px; max-width: 100%;\"><img alt=\"\r\nGiá vàng bật tăng trong cơn lốc bán tháo\r\n\" id=\"img_a52d3030-2a28-11e7-94dd-f5fb809058d1\" src=\"https://dantricdn.com/2017/gia-vang-bat-tang-1-1493173969796.jpg\" style=\"background-color:rgb(221, 221, 221); border:0px; display:inline; margin:0px auto; max-width:100%; outline:none 0px; padding:0px; vertical-align:bottom; width:450px\" /></div>\r\n\r\n<div class=\"PhotoCMS_Caption\" style=\"margin: 0px auto; padding: 5px; border: 0px; outline: none 0px; max-width: 100%; text-align: center;\">\r\n<p>Gi&aacute; v&agrave;ng bật tăng trong &quot;cơn lốc&quot; b&aacute;n th&aacute;o</p>\r\n</div>\r\n</div>\r\n\r\n<p>Hiện tại, gi&aacute; v&agrave;ng trong nước tương đối ổn định c&ugrave;ng chiều với xu hướng của thị trường v&agrave;ng quốc tế do sự hồi phục trở lại của đồng bạc xanh v&agrave; thị trường chứng kho&aacute;n thế giới. B&ecirc;n cạnh đ&oacute;, những th&ocirc;ng tin li&ecirc;n qua tới cuộc bầu cử Tổng thống Ph&aacute;p hay những động th&aacute;i của Tổng thống Mỹ t&aacute;c động tới Triều Ti&ecirc;n vẫn l&agrave; những th&ocirc;ng tin n&oacute;ng hổi m&agrave; thị trường v&agrave;ng to&agrave;n cầu đang quan t&acirc;m.</p>\r\n\r\n<p>Bản tin của DOJI cho hay: &quot;Ở phi&ecirc;n giao dịch h&ocirc;m qua, thị trường ghi nhận lượng kh&aacute;ch với t&acirc;m l&yacute; mua bắt đ&aacute;y, tuy nhi&ecirc;n lực mua c&ograve;n kh&aacute; mỏng, c&aacute;c nh&agrave; đầu tư lớn hầu như kh&ocirc;ng tham gia v&agrave;o thị trường&quot;.</p>\r\n\r\n<p>Tr&ecirc;n thế giới, gi&aacute; v&agrave;ng giao ngay tại ch&acirc;u &Aacute; qua ni&ecirc;m yết của Kitco.com đang c&oacute; dấu hiệu hồi phục khi chỉ c&ograve;n bi&ecirc;n độ giảm nhẹ, giao dịch ở mức 1.263,9 USD/ounce.</p>\r\n\r\n<p>Gi&aacute; v&agrave;ng giảm mạnh sau những th&ocirc;ng tin về việc bầu cử Tổng thống Ph&aacute;p gần như r&otilde; r&agrave;ng. B&agrave; Marine Le Pen tự từ chức Đảng Mặt trận Quốc gia khiến c&aacute;c kết quả n&agrave;y kh&ocirc;ng c&ograve;n kh&oacute; đo&aacute;n. Khi c&aacute;c th&ocirc;ng tin dịu đi th&igrave; c&aacute;c nh&agrave; đầu tư đ&atilde; quyết định b&aacute;n v&agrave;ng ra v&agrave; kh&ocirc;ng coi v&agrave;ng l&agrave; nơi tr&uacute; ẩn.</p>\r\n\r\n<p>Ở phi&ecirc;n Mỹ ng&agrave;y 25/4, gi&aacute; v&agrave;ng giảm tới 0,63% xuống mức 1.267 USD/ounce, v&agrave;ng kỳ hạn giao sau cũng mất gi&aacute; 0,66% trong cơn b&aacute;n th&aacute;o.</p>\r\n\r\n<p>Ng&agrave;y 9/5 tới, b&agrave; Le Pen sẽ c&ugrave;ng &ocirc;ng Emmanuel Macron, người về nhất với 24,01% số phiếu bầu, bước v&agrave;o v&ograve;ng hai, v&ograve;ng quyết định chọn ra tổng thống mới của Ph&aacute;p.</p>', 'rIW4_media-5.jpg', 1, 0, 11, '2017-04-26 20:10:56', '2017-04-26 20:10:56'),
(22, 'Người nhà cháu bé bị hiếp, giết phản đối buổi công khai xin lỗi ông Hàn Đức Long', 'nguoi-nha-chau-be-bi-hiep-giet-phan-doi-buoi-cong-khai-xin-loi-ong-han-duc-long', 'Gần đến giờ TAND cấp cao tổ chức công khai xin lỗi “tử tù” Hàn Đức Long thì người nhà cháu Nguyễn Thị Yến (SN 2000), nạn nhân nghi bị hiếp, giết năm 2005 xông lên giật phông, phản đối buổi công khai xin lỗi.', '<p>Theo dự kiến, đ&uacute;ng 14h ng&agrave;y 25/4, TAND cấp cao tiến h&agrave;nh xin lỗi c&ocirc;ng khai &ocirc;ng H&agrave;n Đức Long tại trụ sở UBND x&atilde; Ph&uacute;c Sơn, huyện T&acirc;n Y&ecirc;n. Thế nhưng gần đến giờ tổ chức th&igrave; người nh&agrave; ch&aacute;u Nguyễn Thị Yến (SN 2000), nạn nh&acirc;n nghi bị hiếp, giết năm 2005, x&ocirc;ng l&ecirc;n giật ph&ocirc;ng, phản đối buổi c&ocirc;ng khai xin lỗi. Gia đ&igrave;nh ch&aacute;u Yến đề nghị c&aacute;c cơ quan chức năng phải điều tra l&agrave;m r&otilde; hung thủ giết ch&aacute;u Yến th&igrave; mới tổ chức c&ocirc;ng khai xin lỗi.</p>\r\n\r\n<p>Mặc d&ugrave; lực lượng c&ocirc;ng an đ&atilde; cố gắng can thiệp nhưng rất đ&ocirc;ng người th&acirc;n của ch&aacute;u Yến đ&atilde; x&ocirc;ng l&ecirc;n giật đứt ph&ocirc;ng c&ocirc;ng khai xin lỗi. Đến 14h, người nh&agrave; ch&aacute;u Yến tập trung đ&ocirc;ng trong hội trường la &oacute;, phản đối, khiến t&igrave;nh h&igrave;nh rất lộn xộn.</p>\r\n\r\n<div class=\"VCSortableInPreviewMode\" style=\"margin-bottom: 13px; padding: 0px; border: 0px; outline: none 0px; max-width: 100%; background-color: rgb(238, 238, 238); font-family: tahoma; color: rgb(71, 71, 71); margin-top: 0px !important; margin-right: auto !important; margin-left: auto !important;\">\r\n<div style=\"margin: 0px auto; padding: 0px; border: 0px; outline: none 0px; max-width: 100%;\"><img alt=\"\" id=\"img_7b733100-2987-11e7-a8ef-278aa46c14f5\" src=\"https://dantricdn.com/thumb_w/640/2017/xin-loi-5-1493104748719.jpg\" style=\"background-color:rgb(221, 221, 221); border:0px; display:inline; margin:0px auto; max-width:100%; outline:none 0px; padding:0px; vertical-align:bottom; width:650px\" /></div>\r\n</div>\r\n\r\n<div class=\"VCSortableInPreviewMode\" style=\"margin-bottom: 13px; padding: 0px; border: 0px; outline: none 0px; max-width: 100%; background-color: rgb(238, 238, 238); font-family: tahoma; color: rgb(71, 71, 71); margin-top: 0px !important; margin-right: auto !important; margin-left: auto !important;\">\r\n<div style=\"margin: 0px auto; padding: 0px; border: 0px; outline: none 0px; max-width: 100%;\"><img alt=\"\" id=\"img_855daf50-2988-11e7-bf8e-81a5c51653e1\" src=\"https://dantricdn.com/thumb_w/640/2017/xin-loi-7-1493105200399.jpg\" style=\"background-color:rgb(221, 221, 221); border:0px; display:inline; margin:0px auto; max-width:100%; outline:none 0px; padding:0px; vertical-align:bottom; width:650px\" /></div>\r\n</div>\r\n\r\n<div class=\"VCSortableInPreviewMode\" style=\"margin-bottom: 13px; padding: 0px; border: 0px; outline: none 0px; max-width: 100%; background-color: rgb(238, 238, 238); font-family: tahoma; color: rgb(71, 71, 71); margin-top: 0px !important; margin-right: auto !important; margin-left: auto !important;\">\r\n<div style=\"margin: 0px auto; padding: 0px; border: 0px; outline: none 0px; max-width: 100%;\"><img alt=\"Buổi xin lỗi công khai ông Hàn Đức Long vẫn chưa thể bắt đầu do tình hình lộn xộn tại hội trường\" id=\"img_7bc96750-2987-11e7-bf8e-81a5c51653e1\" src=\"https://dantricdn.com/thumb_w/640/2017/xin-loi-6-1493104748727.jpg\" style=\"background-color:rgb(221, 221, 221); border:0px; display:inline; margin:0px auto; max-width:100%; outline:none 0px; padding:0px; vertical-align:bottom; width:650px\" /></div>\r\n\r\n<div class=\"PhotoCMS_Caption\" style=\"margin: 0px auto; padding: 5px; border: 0px; outline: none 0px; max-width: 100%; text-align: center;\">Buổi xin lỗi c&ocirc;ng khai &ocirc;ng H&agrave;n Đức Long vẫn chưa thể bắt đầu do t&igrave;nh h&igrave;nh lộn xộn tại hội trường</div>\r\n</div>\r\n\r\n<p>Khi cơ quan chức năng vừa c&oacute; th&ocirc;ng b&aacute;o ổn định chỗ ngồi th&igrave; lại c&oacute; sự giằng co giữa c&ocirc;ng an v&agrave; người nh&agrave; ch&aacute;u Yến.</p>\r\n\r\n<p>D&acirc;n tr&iacute; sẽ tiếp tục th&ocirc;ng tin tới bạn đọc.</p>\r\n\r\n<div class=\"VCSortableInPreviewMode\" dir=\"center\" id=\"ObjectBoxContent_1493130456705\" style=\"margin: 0px auto; padding: 10px; border: 1px solid rgb(153, 153, 153); font-size: 19px; outline: none 0px; max-width: 100%; color: rgb(71, 71, 71); font-family: &quot;Times New Roman&quot;; background: none 0% 0% repeat scroll rgb(230, 230, 250); float: none; width: 585px;\">\r\n<p>Vụ &aacute;n H&agrave;n Đức Long xảy ra c&aacute;ch đ&acirc;y hơn 11 năm. Theo nội dung vụ việc, khoảng 19h ng&agrave;y 16/5/2005, vợ chồng anh Sơn, chị Liễu (ở x&atilde; Ph&uacute;c Sơn, huyện T&acirc;n Y&ecirc;n, tỉnh Bắc Giang) đi l&agrave;m về th&igrave; ph&aacute;t hiện con g&aacute;i m&igrave;nh l&agrave; ch&aacute;u Nguyễn Thị Yến (SN 2000) bị mất t&iacute;ch. S&aacute;ng h&ocirc;m sau, thi thể ch&aacute;u Yến được t&igrave;m thấy ở ngo&agrave;i đồng với nhiều dấu hiệu bị hiếp d&acirc;m.</p>\r\n\r\n<p>Sau 4 th&aacute;ng điều tra, Cơ quan cảnh s&aacute;t điều tra C&ocirc;ng an tỉnh Bắc Giang vẫn kh&ocirc;ng x&aacute;c định được nghi phạm n&ecirc;n đ&atilde; ra quyết định đ&igrave;nh chỉ vụ &aacute;n, đồng thời ph&aacute;t động quần ch&uacute;ng tố gi&aacute;c tội phạm. Thời gian n&agrave;y, gia đ&igrave;nh h&agrave;ng x&oacute;m b&agrave; Ng&ocirc; Thị Khuyến viết đơn tố c&aacute;o H&agrave;n Đức Long từng hiếp d&acirc;m hai mẹ con m&igrave;nh, đồng thời tố gi&aacute;c người đ&agrave;n &ocirc;ng n&agrave;y ch&iacute;nh l&agrave; hung thủ hiếp d&acirc;m ch&aacute;u Yến.</p>\r\n\r\n<p>Từ tố gi&aacute;c n&agrave;y, cơ quan cảnh s&aacute;t điều tra, C&ocirc;ng an tỉnh Bắc Giang bắt giam H&agrave;n Đức Long để điều tra. Trong qu&aacute; tr&igrave;nh hỏi cung, H&agrave;n Đức Long khai nhận hiếp d&acirc;m rồi giết ch&aacute;u Yến. TAND tỉnh Bắc Giang đưa vụ &aacute;n ra x&eacute;t xử sơ thẩm tuy&ecirc;n H&agrave;n Đức Long &aacute;n tử h&igrave;nh. TAND Tối cao xử ph&uacute;c thẩm tuy&ecirc;n y &aacute;n. Sau đ&oacute;, Hội đồng Thẩm ph&aacute;n TAND xử Gi&aacute;m đốc thẩm đ&atilde; quyết định hủy 2 bản &aacute;n sơ thẩm, ph&uacute;c thẩm để điều tra lại từ đầu. Đến năm 2011, TAND tỉnh Bắc Giang xử sơ thẩm lần hai v&agrave; TAND Tối cao xử ph&uacute;c thẩm lần hai vẫn giữ nguy&ecirc;n ph&aacute;n quyết tử h&igrave;nh đối với H&agrave;n Đức Long.</p>\r\n\r\n<p>Cuối năm 2014, Hội đồng Thẩm ph&aacute;n TAND xử Gi&aacute;m đốc thẩm lại quyết định tuy&ecirc;n hủy bản &aacute;n sơ thẩm v&agrave; ph&uacute;c thẩm tuy&ecirc;n tử h&igrave;nh H&agrave;n Đức Long. Sau đ&oacute; vụ &aacute;n được giao cho cơ quan tố tụng tỉnh Bắc Giang điều tra lại. Tuy nhi&ecirc;n, sau nhiều lần kết th&uacute;c điều tra, trả hồ sơ vụ &aacute;n th&igrave; đến nay cơ quan tố tụng tỉnh Bắc Giang đ&atilde; ra quyết định đ&igrave;nh chỉ vụ &aacute;n đối với &ocirc;ng H&agrave;n Đức Long.</p>\r\n\r\n<p>Ng&agrave;y 20/12/2016, x&eacute;t thấy kh&ocirc;ng đủ căn cứ để truy cứu tr&aacute;ch nhiệm h&igrave;nh sự đối với bị can H&agrave;n Đức Long về c&aacute;c tội &quot;Giết người, hiếp d&acirc;m, hiếp d&acirc;m trẻ em&quot;, Viện Kiểm s&aacute;t nh&acirc;n d&acirc;n tỉnh Bắc Giang đ&atilde; quyết định đ&igrave;nh chỉ vụ &aacute;n, hủy bỏ biện ph&aacute;p tạm giam với bị can H&agrave;n Đức Long.</p>\r\n</div>', 'AYDH_media-8.jpg', 1, 0, 19, '2017-04-26 20:14:56', '2017-04-26 20:14:56'),
(23, 'Ghen vì chồng mải mê bể cá bỏ', 'ghen-vi-chong-mai-me-be-ca-bo', 'Người chồng có một bể cá cảnh nên cứ ở nhà là cặm cụi chăm sóc, tỉa tót, bỏ bê hết việc gia đình và vợ con. Vừa giận vừa ghen, người vợ đã lên kế hoạch... trả thù.', '<p style=\"text-align:justify\">Đừng tưởng rằng chồng chỉ cặp với bồ nh&iacute; l&agrave; bị vợ ghen th&ocirc;i nh&eacute;. Ngay cả với th&uacute; vui tao nh&atilde; l&agrave; chăm bể c&aacute; cảnh th&igrave; c&aacute;c anh cũng n&ecirc;n d&egrave; chừng th&aacute;i độ của vợ. Trường hợp sau đ&acirc;y l&agrave; một v&iacute; dụ &quot;xương m&aacute;u&quot;.</p>\r\n\r\n<p style=\"text-align:justify\">Anh H.P.V., ở H&agrave; Nội, c&oacute;&nbsp;sắm một bể c&aacute; cảnh v&agrave; suốt ng&agrave;y m&acirc;n m&ecirc;, ngắm vuốt t&aacute;c phẩm của m&igrave;nh. Thậm ch&iacute;, anh c&ograve;n th&iacute;ch th&uacute; khi khoe với mọi người bể c&aacute; một c&aacute;ch tự h&agrave;o.</p>\r\n\r\n<p style=\"text-align:center\">&nbsp;</p>\r\n\r\n<div class=\"img-share\" style=\"font-family: Arial, Helvetica, sans-serif; font-size: 12px; position: relative; color: rgb(61, 61, 61);\"><img alt=\"\" src=\"http://eva-static.24hstatic.com/images/2014/share-fb.gif\" style=\"border:0px; height:20px; width:67px\" />&nbsp;<img alt=\"\" src=\"http://eva-static.24hstatic.com/images/2014/share-gg.gif\" style=\"border:0px; height:20px; width:67px\" /><img alt=\"ghen vi chong mai me be ca bo quen gia dinh, vo da co hanh dong tra thu khong ai ngo toi - 1\" class=\"news-image\" src=\"http://eva-img.24hstatic.com/upload/2-2017/images/2017-04-27/ghen-vi-chong-mai-me-be-ca-bo-quen-vo-con-vo-da-co-hanh-dong-tra-thu-khong-ai-ngo-toi-4-27-2017-11-23-56-am-1493267065-width469height258.jpg\" style=\"border:0px; height:auto !important; margin-bottom:5px; max-width:500px !important; opacity:1 !important\" /></div>\r\n\r\n<p style=\"text-align:justify\">&nbsp;</p>\r\n\r\n<p style=\"text-align:center\">Bể c&aacute; xinh đẹp của anh H.P.V trước khi bị vợ cho x&agrave; ph&ograve;ng v&agrave; dầu ăn.</p>\r\n\r\n<p style=\"text-align:justify\">V&agrave; rồi một ng&agrave;y đẹp trời, anh như &quot;chết đứng tại chỗ&quot; khi thấy bể c&aacute; bị ch&iacute;nh vợ m&igrave;nh... h&agrave;nh hạ. V&igrave; ghen khi chồng bỏ b&ecirc; vợ con, nh&agrave; cửa m&agrave; người vợ đ&atilde; cho 3 kg bột giặt, 1 can dầu ăn 5 l&iacute;t v&agrave; 1 chai tẩy bồn cầu v&agrave;o bể c&aacute;.</p>\r\n\r\n<p style=\"text-align:justify\">Hậu quả l&agrave; những ch&uacute; c&aacute; y&ecirc;u thương ra đi trong t&iacute;ch tắc, chỉ c&ograve;n v&agrave;i &quot;em&quot; t&eacute;p yếu đuối bơi.</p>\r\n\r\n<p style=\"text-align:center\">&nbsp;</p>\r\n\r\n<div class=\"img-share\" style=\"font-family: Arial, Helvetica, sans-serif; font-size: 12px; position: relative; color: rgb(61, 61, 61);\"><img alt=\"\" src=\"http://eva-static.24hstatic.com/images/2014/share-fb.gif\" style=\"border:0px; height:20px; width:67px\" />&nbsp;<img alt=\"\" src=\"http://eva-static.24hstatic.com/images/2014/share-gg.gif\" style=\"border:0px; height:20px; width:67px\" /><img alt=\"ghen vi chong mai me be ca bo quen gia dinh, vo da co hanh dong tra thu khong ai ngo toi - 2\" class=\"news-image\" src=\"http://eva-img.24hstatic.com/upload/2-2017/images/2017-04-27/ghen-vi-chong-mai-me-be-ca-bo-quen-vo-con-vo-da-co-hanh-dong-tra-thu-khong-ai-ngo-toi-1-1493267017-width500height375.jpg\" style=\"border:0px; height:auto !important; margin-bottom:5px; max-width:500px !important; opacity:0.9\" /></div>\r\n\r\n<p style=\"text-align:justify\">&nbsp;</p>\r\n\r\n<p style=\"text-align:center\">3 kg bột giặt, 1 can dầu ăn 5 l&iacute;t v&agrave; 1 chai tẩy bồn cầu bị vợ anh H.P.V cho v&agrave;o bể c&aacute;.</p>\r\n\r\n<p style=\"text-align:center\">&nbsp;</p>\r\n\r\n<div class=\"img-share\" style=\"font-family: Arial, Helvetica, sans-serif; font-size: 12px; position: relative; color: rgb(61, 61, 61);\"><img alt=\"\" src=\"http://eva-static.24hstatic.com/images/2014/share-fb.gif\" style=\"border:0px; height:20px; width:67px\" />&nbsp;<img alt=\"\" src=\"http://eva-static.24hstatic.com/images/2014/share-gg.gif\" style=\"border:0px; height:20px; width:67px\" /><img alt=\"ghen vi chong mai me be ca bo quen gia dinh, vo da co hanh dong tra thu khong ai ngo toi - 3\" class=\"news-image\" src=\"http://eva-img.24hstatic.com/upload/2-2017/images/2017-04-27/ghen-vi-chong-mai-me-be-ca-bo-quen-vo-con-vo-da-co-hanh-dong-tra-thu-khong-ai-ngo-toi-2-1493267017-width500height375.jpg\" style=\"border:0px; height:auto !important; margin-bottom:5px; max-width:500px !important; opacity:1 !important\" /></div>\r\n\r\n<p style=\"text-align:justify\">&nbsp;</p>\r\n\r\n<p style=\"text-align:center\">&nbsp;</p>\r\n\r\n<div class=\"img-share\" style=\"font-family: Arial, Helvetica, sans-serif; font-size: 12px; position: relative; color: rgb(61, 61, 61);\"><img alt=\"\" src=\"http://eva-static.24hstatic.com/images/2014/share-fb.gif\" style=\"border:0px; height:20px; width:67px\" />&nbsp;<img alt=\"\" src=\"http://eva-static.24hstatic.com/images/2014/share-gg.gif\" style=\"border:0px; height:20px; width:67px\" /><img alt=\"ghen vi chong mai me be ca bo quen gia dinh, vo da co hanh dong tra thu khong ai ngo toi - 4\" class=\"news-image\" src=\"http://eva-img.24hstatic.com/upload/2-2017/images/2017-04-27/ghen-vi-chong-mai-me-be-ca-bo-quen-vo-con-vo-da-co-hanh-dong-tra-thu-khong-ai-ngo-toi-3-1493267017-width500height375.jpg\" style=\"border:0px; height:auto !important; margin-bottom:5px; max-width:500px !important; opacity:1 !important\" /></div>\r\n\r\n<p style=\"text-align:justify\">&nbsp;</p>\r\n\r\n<p style=\"text-align:center\">Đ&agrave;n c&aacute; chết hết chỉ c&ograve;n v&agrave;i con t&eacute;p thoi th&oacute;p bơi.</p>\r\n\r\n<p style=\"text-align:justify\">Chứng kiến cơn ghen kinh ho&agrave;ng n&agrave;y, bạn của anh H.P.V&nbsp;ph&acirc;n t&iacute;ch: &quot;Chắc b&aacute;c chăm c&aacute; hơn chăm vợ đ&acirc;y m&agrave;&quot;. Một người bạn kh&aacute;c an ủi: &quot;Th&ocirc;i anh ạ! &nbsp;Vợ kh&oacute; chăm hơn c&aacute;. Chịu kh&oacute; quay lại chăm vợ vậy&quot;.</p>\r\n\r\n<p style=\"text-align:justify\">Đ&acirc;y kh&ocirc;ng phải l&agrave; đ&ograve;n &quot;trả th&ugrave;&quot; chồng đầu ti&ecirc;n của c&aacute;c b&agrave; vợ. Trước đ&oacute;, một người vợ giận chồng về muộn đ&atilde; đem từng con c&aacute; cảnh đi... r&aacute;n. Theo chia sẻ của b&agrave; vợ n&agrave;y, &ocirc;ng chồng đi chơi nhưng gọi m&atilde;i kh&ocirc;ng về n&ecirc;n l&ocirc;i c&aacute; ra r&aacute;n&nbsp;rồi gửi h&igrave;nh cho chồng. Cứ 15 ph&uacute;t 1 con th&aacute;ch thức chồng ngồi đến bao giờ về.&nbsp;</p>\r\n\r\n<p style=\"text-align:justify\">Thật tội cho những ch&uacute; c&aacute;, bỗng dưng th&agrave;nh nạn nh&acirc;n trong cơn giận của những b&agrave; vợ.</p>', 'JiHo_media-7.jpg', 1, 0, 21, '2017-04-27 05:04:08', '2017-04-27 05:04:08'),
(24, 'Chống lão hóa da cho phụ nữ', 'chong-lao-hoa-da-cho-phu-nu', 'Chẳng ai muốn chia tay sớm vẻ thanh xuân của mình nhưng bên cạnh quy luật tất yếu của tạo hóa, hàng ngày bạn phải đối mặt với bụi bẩn, ánh nắng, môi trường ô nhiễm cũng thúc đẩy quá trình lão hóa da làm xuất hiện vết nhăn, vết nám, sạm da,', '<p><em>Chẳng ai muốn chia tay sớm vẻ thanh xu&acirc;n của m&igrave;nh nhưng b&ecirc;n cạnh quy luật tất yếu của tạo h&oacute;a, h&agrave;ng ng&agrave;y bạn phải đối mặt với bụi bẩn, &aacute;nh nắng, m&ocirc;i trường &ocirc; nhiễm cũng th&uacute;c đẩy qu&aacute; tr&igrave;nh l&atilde;o h&oacute;a da l&agrave;m xuất hiện&nbsp;</em><em>vết nhăn, vết n&aacute;m, sạm da, đồi mồi..</em><em>.</em><em>&nbsp;Ở nữ giới, trung b&igrave;nh sau tuổi 30 thậm ch&iacute; l&agrave; ngay khi bước qua tuổi 25, l&agrave;n da của bạn đ&atilde; xuất hiện những dấu hiệu của l&atilde;o h&oacute;a da.</em></p>\r\n\r\n<p>L&agrave;m c&aacute;ch n&agrave;o để xua tan nỗi lo l&atilde;o h&oacute;a lu&ocirc;n l&agrave; &aacute;m ảnh của chị em phụ nữ ch&uacute;ng m&igrave;nh? B&agrave;i viết dưới đ&acirc;y sẽ bật m&iacute; cho chị em những b&iacute; quyết&nbsp;<a href=\"http://charmlux.vn/tin-tuc/bi-quyet-chong-lao-hoa-da-mat/\" style=\"box-sizing: border-box; background-color: transparent; color: inherit; text-decoration: none; font-size: inherit;\">chống l&atilde;o h&oacute;a da</a>&nbsp;đơn giản ngay tại nh&agrave; với gi&aacute;&hellip;rẻ hơn một b&aacute;t phở. Bạn kh&ocirc;ng cần phải đến thẩm mỹ viện với chi ph&iacute; tốn k&eacute;m, kh&ocirc;ng cần phải sử dụng c&aacute;c sản phẩm x&aacute;ch tay đắt tiền m&agrave; vẫn c&oacute; được một l&agrave;n da đẹp rạng ngời, đẩy l&ugrave;i c&aacute;c dấu hiệu l&atilde;o h&oacute;a.</p>\r\n\r\n<p><strong>Phương ph&aacute;p chống l&atilde;o h&oacute;a da bằng&nbsp;<a href=\"http://charmlux.vn/gioi-thieu-san-pham/\" style=\"box-sizing: border-box; background-color: transparent; color: inherit; text-decoration: none; font-size: inherit;\">nhau thai cừu</a>?</strong></p>\r\n\r\n<p>Tại sao c&aacute;c sản phẩm nhau thai cừu l&agrave; lựa chọn tốt nhất cho những ai muốn cải thiện l&agrave;n da v&agrave; giảm c&aacute;c t&aacute;c động l&atilde;o h&oacute;a. Nhau thai cừu l&agrave; bộ phận được h&igrave;nh th&agrave;nh trong thời gian đầu của qu&aacute; tr&igrave;nh mang thai ở lo&agrave;i cừu. N&oacute; c&oacute; nhiệm vụ quan trọng l&agrave; g&oacute;p phần cung cấp dưỡng chất v&agrave; oxy cho b&agrave;o thai qua d&acirc;y rốn. Một nhiệm vụ kh&aacute;c của bộ phận n&agrave;y l&agrave; mang những chất thải từ thai nhi ra ngo&agrave;i. Nhau thai cừu v&igrave; thế chứa rất nhiều chất dinh dưỡng qu&yacute; gi&aacute;. Kh&ocirc;ng giống như nhiều động vật kh&aacute;c, tế b&agrave;o gốc chiết xuất từ ​​nhau thai cừu đặc biệt tương th&iacute;ch với c&aacute;c tế b&agrave;o của con người, n&oacute; gi&uacute;p phục hồi c&aacute;c m&ocirc; v&agrave; tế b&agrave;o da, gi&uacute;p trẻ h&oacute;a l&agrave;n da từ s&acirc;u b&ecirc;n trong cơ thể.</p>\r\n\r\n<p style=\"text-align:center\"><img alt=\"\" class=\"alignnone size-full wp-image-27146\" src=\"http://charmlux.vn/wp-content/uploads/2017/04/nhau-thai-cuu.jpg\" style=\"border-radius:15px; border:0px; box-sizing:border-box; height:auto; line-height:1; margin:5px 20px 30px 0px; user-select:none; vertical-align:middle; width:600px\" /></p>\r\n\r\n<p><strong>Chuy&ecirc;n gia n&oacute;i g&igrave; về việc chống l&atilde;o h&oacute;a da bằng nhau thai cừu</strong></p>\r\n\r\n<p>Nhau thai cừu được sử dụng để l&agrave;m đẹp v&agrave; chống l&atilde;o h&oacute;a từ h&agrave;ng ngh&igrave;n năm về trước. Tuy nhi&ecirc;n, c&aacute;c nh&agrave; khoa học phương t&acirc;y chỉ bắt đầu nghi&ecirc;n cứu tinh chất nhau thai cừu từ những năm 1930. Th&ocirc;ng qua nhiều th&iacute; nghiệm, nh&agrave; khoa học nỗi tiếng người Nga W.P. Filatov đ&atilde; kết luận rằng nhau thai cừu c&oacute; t&aacute;c dụng rất lớn trong việc t&aacute;i tạo c&aacute;c tế b&agrave;o v&agrave; ti&ecirc;u diệt c&aacute;c chất độc hại trong cơ thể. C&aacute;c nh&agrave; khoa học tại Nhật Bản v&agrave; Phương T&acirc;y cũng tiến h&agrave;nh c&aacute;c th&iacute; nghiệm về nhau thai cừu. Nghi&ecirc;n cứu cho thấy, nhau thai cừu c&oacute; t&aacute;c dụng bổ sung dưỡng chất cho da, th&uacute;c đẩy hoạt động của tế b&agrave;o da, tổ chức lại c&aacute;c lớp da, gi&uacute;p da đ&agrave;o thải độc tố v&agrave; hấp thu tốt c&aacute;c th&agrave;nh phần dinh dưỡng, giữ cho l&agrave;n da lu&ocirc;n khỏe mạnh.</p>\r\n\r\n<p>Đặc biệt, trong nhau thai cừu c&ograve;n chứa yếu tố k&iacute;ch th&iacute;ch tăng trưởng tế b&agrave;o biểu b&igrave; ( EGF), c&oacute; vai tr&ograve; tạo t&iacute;n hiệu cho sự tăng sinh v&agrave; t&aacute;i tạo tế b&agrave;o da, th&uacute;c đẩy qu&aacute; tr&igrave;nh thay da, t&aacute;i tạo c&aacute;c tế b&agrave;o da bị tổn thương n&ecirc;n l&agrave;m trắng da, mờ sẹo, gi&uacute;p phục hồi nhanh ch&oacute;ng những v&ugrave;ng da bị tổn thương v&agrave; l&agrave;m chậm qu&aacute; tr&igrave;nh l&atilde;o h&oacute;a da. Th&agrave;nh phần trong nhau thai cừu c&ograve;n c&oacute; t&aacute;c dụng ức chế tổng hợp melanin, gi&uacute;p l&agrave;m mờ vết n&aacute;m v&agrave; t&agrave;n nhang.</p>\r\n\r\n<p>Việc sử dụng nhau thai cừu ở dạng vi&ecirc;n uống v&agrave; kem b&ocirc;i kết hợp thực sự l&agrave; phương ph&aacute;p chống l&atilde;o h&oacute;a da to&agrave;n diện v&agrave; ho&agrave;n hảo cho ph&aacute;i đẹp.</p>\r\n\r\n<p>&nbsp;</p>\r\n\r\n<p><strong>Sở hữu bộ sản phẩm nhau thai cừu với gi&aacute; rẻ hơn một b&aacute;t phở</strong></p>\r\n\r\n<p>Charmlux Anti-Aging l&agrave; d&ograve;ng sản phẩm chứa tinh chất nhau thai cừu đầu ti&ecirc;n được chiết xuất bằng c&ocirc;ng nghệ đ&ocirc;ng kh&ocirc; n&ecirc;n giữ được c&aacute;c th&agrave;nh phần qu&yacute; gi&aacute; của nhau thai cừu tươi. Đồng thời kết hợp với c&aacute;c hoạt chất chống l&atilde;o h&oacute;a mạnh như Astaxanthin, coenzyme Q10 c&ugrave;ng c&aacute;c dưỡng chất từ thi&ecirc;n nhi&ecirc;n Dầu hạt nho, Dầu hoa anh thảo,&nbsp;<a href=\"http://charmlux.vn/tin-tuc/collagen-la-gi-va-cong-dung-cua-collagen/\" style=\"box-sizing: border-box; background-color: transparent; color: inherit; text-decoration: none; font-size: inherit;\">Collagen</a>, vitamin v&agrave; kho&aacute;ng chất&hellip; Charmlux Anti-Aging gi&uacute;p ngăn chặn h&igrave;nh th&agrave;nh sắc tố melanin, th&uacute;c đẩy qu&aacute; tr&igrave;nh l&agrave;m trắng da, v&agrave; tăng t&aacute;i tạo Collagen,&nbsp;<a href=\"http://charmlux.vn/tin-tuc/vai-tro-cua-elastin-collagen-doi-voi-ve-dep-lan-da-phai-nu/\" style=\"box-sizing: border-box; background-color: transparent; color: inherit; text-decoration: none; font-size: inherit;\">Elastin</a>&nbsp;tự nhi&ecirc;n; gi&uacute;p trẻ h&oacute;a l&agrave;n da từ s&acirc;u b&ecirc;n trong cơ thể, gi&uacute;p giảm nếp nhăn, hỗ trợ điều&nbsp;<a href=\"http://charmlux.vn/tin-tuc/cach-tri-nam-da-hieu-qua/\" style=\"box-sizing: border-box; background-color: transparent; color: inherit; text-decoration: none; font-size: inherit;\">trị n&aacute;m</a>&nbsp;v&agrave; t&agrave;n nhang m&agrave; kh&ocirc;ng chứa yếu tố ho&oacute;c m&ocirc;n.</p>', 'aVQD_media-9.jpg', 1, 0, 21, '2017-04-27 05:05:45', '2017-04-27 05:05:45');

-- --------------------------------------------------------

--
-- Table structure for table `users`
--

CREATE TABLE `users` (
  `id` int(10) UNSIGNED NOT NULL,
  `name` varchar(255) COLLATE utf8mb4_unicode_ci NOT NULL,
  `email` varchar(255) COLLATE utf8mb4_unicode_ci NOT NULL,
  `password` varchar(255) COLLATE utf8mb4_unicode_ci NOT NULL,
  `remember_token` varchar(100) COLLATE utf8mb4_unicode_ci DEFAULT NULL,
  `created_at` timestamp NULL DEFAULT NULL,
  `updated_at` timestamp NULL DEFAULT NULL,
  `level` int(11) NOT NULL,
  `username` varchar(200) COLLATE utf8mb4_unicode_ci NOT NULL
) ENGINE=InnoDB DEFAULT CHARSET=utf8mb4 COLLATE=utf8mb4_unicode_ci;

--
-- Dumping data for table `users`
--

INSERT INTO `users` (`id`, `name`, `email`, `password`, `remember_token`, `created_at`, `updated_at`, `level`, `username`) VALUES
(1, 'anhlv', 'anhlv@gmail.com', '$2y$10$rixNF/s6XtMSZnCoYK6/8.D/kTwAUPn3UoJQX5CQ0GMG2L0H.e3aO', 'Vyw7LcM5WwpLIBMKJAeeq6rgwWga1QEcdLla1X6YmZr7hZEcKpbLX65CMimH', '2017-04-02 01:59:16', '2017-05-05 03:43:09', 1, 'a'),
(2, 'hanhlv22', 'hanhlv@gmail.com', '$2y$10$2tzFXZun4/Ra/RndFuiZLOR.UaQ8MLKk.qc/foiwYqO30PPovjwCC', 'sBbyaaGaG3Ch8N7d9eBGEjN1LdCz5SdiUw7OZWLTW2gCrSRhKQxRGB9vDS5H', '2017-04-02 01:59:56', '2017-05-06 11:18:01', 0, 'b'),
(3, 'hieutt', 'hieutt@gmail.com', '$2y$10$cl.e4BcGjwpLtVlZFfZzie4g9X2Z4aA7h00odZY3Bt.vvtTKEWE2W', NULL, '2017-04-08 06:51:12', '2017-04-11 09:53:23', 0, 'c'),
(4, 'vietanh', 'anhlv268@gmail.com', '$2y$10$MqYxdzZ0eHsXxXAM.ff6KuXqlITYOAq81Frk59Gucm8/rHk4g7QHO', 'WTf7JCfs8QJfhrz65clztHWEw4Cqj1GE22iUIuWMJtLRa1i0wIEJ8CUxQEiL', '2017-04-09 03:47:26', '2017-05-05 03:43:24', 1, 'd'),
(6, 'phạm anh thư', 'thu@gmail.com', '$2y$10$oA5cdQ1mlbdQF8HIeid7iutlKemTUICxVKm9KWt02rE2x4X.OZdbi', NULL, '2017-04-12 18:00:20', '2017-04-12 18:00:20', 0, 'f'),
(7, 'trần hữu thiện', 'thien@gmail.com', '$2y$10$.SukAQenrhXgojAJyl3jOOOuXACPvz.iv1e3wUrGJLDmpR4TxAcg2', NULL, '2017-04-12 18:00:45', '2017-04-12 18:00:45', 1, 'g'),
(8, 'anhkka', 'anhkka123@gmail.com', '$2y$10$sBU6Cg1KqQM7xrYQvNcgp.mO93arL5RV3n0wFTv5is/5chQe1ylRW', 'nlo7gsZDblsKQFKWiYtMdNqUxNJJOPFgZMvFiGD0Mx73m0Nrc6Vw3Yi0mDq5', '2017-05-04 07:15:19', '2017-05-04 07:15:19', 0, 'l'),
(9, 'lê thị trang', 'tranglt2@gmail.com', '$2y$10$OWRTSPX.3mCcH4H20BQxIeC7/b/7N25PRKOW0NUVuSXeRdFZU94Ky', NULL, '2017-05-06 04:50:11', '2017-05-06 04:51:14', 0, 'tranglt'),
(10, 'đặng anh thư', 'thudt@gmail.com', '$2y$10$jfzoNeeP5z2.vjDJQUfz1.drK6GuAtblTggMq.ijAy7nfJ1S3XuB2', NULL, '2017-05-06 05:05:08', '2017-05-06 05:05:08', 0, 'thudt');

--
-- Indexes for dumped tables
--

--
-- Indexes for table `comment`
--
ALTER TABLE `comment`
  ADD PRIMARY KEY (`id`);

--
-- Indexes for table `loaitin`
--
ALTER TABLE `loaitin`
  ADD PRIMARY KEY (`id`);

--
-- Indexes for table `migrations`
--
ALTER TABLE `migrations`
  ADD PRIMARY KEY (`id`);

--
-- Indexes for table `slide`
--
ALTER TABLE `slide`
  ADD PRIMARY KEY (`id`);

--
-- Indexes for table `theloai`
--
ALTER TABLE `theloai`
  ADD PRIMARY KEY (`id`);

--
-- Indexes for table `tintuc`
--
ALTER TABLE `tintuc`
  ADD PRIMARY KEY (`id`);

--
-- Indexes for table `users`
--
ALTER TABLE `users`
  ADD PRIMARY KEY (`id`);

--
-- AUTO_INCREMENT for dumped tables
--

--
-- AUTO_INCREMENT for table `comment`
--
ALTER TABLE `comment`
  MODIFY `id` int(11) NOT NULL AUTO_INCREMENT, AUTO_INCREMENT=23;
--
-- AUTO_INCREMENT for table `loaitin`
--
ALTER TABLE `loaitin`
  MODIFY `id` int(11) NOT NULL AUTO_INCREMENT, AUTO_INCREMENT=23;
--
-- AUTO_INCREMENT for table `migrations`
--
ALTER TABLE `migrations`
  MODIFY `id` int(10) UNSIGNED NOT NULL AUTO_INCREMENT;
--
-- AUTO_INCREMENT for table `slide`
--
ALTER TABLE `slide`
  MODIFY `id` int(11) NOT NULL AUTO_INCREMENT, AUTO_INCREMENT=10;
--
-- AUTO_INCREMENT for table `theloai`
--
ALTER TABLE `theloai`
  MODIFY `id` int(11) NOT NULL AUTO_INCREMENT, AUTO_INCREMENT=16;
--
-- AUTO_INCREMENT for table `tintuc`
--
ALTER TABLE `tintuc`
  MODIFY `id` int(11) NOT NULL AUTO_INCREMENT, AUTO_INCREMENT=25;
--
-- AUTO_INCREMENT for table `users`
--
ALTER TABLE `users`
  MODIFY `id` int(10) UNSIGNED NOT NULL AUTO_INCREMENT, AUTO_INCREMENT=11;
/*!40101 SET CHARACTER_SET_CLIENT=@OLD_CHARACTER_SET_CLIENT */;
/*!40101 SET CHARACTER_SET_RESULTS=@OLD_CHARACTER_SET_RESULTS */;
/*!40101 SET COLLATION_CONNECTION=@OLD_COLLATION_CONNECTION */;
